PROJECT,StartDate,EndDate,Duration__in_seconds_,RecordedDate,UserLanguage,DEMOGR_1,DEMOGR_2,DEMOGR_3,DEMOGR_4,WK_1,WK_2,WK_3,WK_4,EM_P1,EM_P2,EM_P3,EM_P4,EM_I1,EM_I2,EM_I3,EM_I4,GENERAL_1,GENERAL_2,GENERAL_3,GENERAL_4,GENERAL_1_kind,GENERAL_2_kind,GENERAL_3_kind,GENERAL_4_kind
1,5/6/2022 13:07:29,5/6/2022 13:21:11,821,5/6/2022 13:21:11,NL,13,1, , ,3,4,2,4,9,9,10,10,8,8,7,10,4,4,4,4, , , , 
1,5/6/2022 11:28:39,5/6/2022 13:21:17,6757,5/6/2022 13:21:17,NL,9,1, , ,5,4,4,4,10,9,7,9,8,7,7,9,3,4,3,4, , , , 
1,5/6/2022 13:10:03,5/6/2022 13:21:59,716,5/6/2022 13:22:07,NL,10,2, , ,1,1,4,2,5,7,4,6,6,8,9,6,3,3,2,3, , , , 
1,5/6/2022 13:11:04,5/6/2022 13:22:12,667,5/6/2022 13:22:12,NL,7,1, , ,3,4,4,5,10,10,10,10,10,10,10,10,4,5,3,5, , , , 
1,5/6/2022 13:10:56,5/6/2022 13:22:47,711,5/6/2022 13:22:47,NL,6,1, , ,3,4,4,5,9,8,10,10,10,10,9,10,3,5,4,3, , , , 
1,5/6/2022 13:08:28,5/6/2022 13:25:13,1005,5/6/2022 13:25:13,NL,10,2, , ,5,5,4,5,10,10,10,10,10,10,10,10,4,5,2,5, , , , 
1,5/6/2022 11:31:24,5/6/2022 13:30:11,7127,5/6/2022 13:30:13,NL,9,1, , ,5,5,5,5,10,6,6,10,6,9,10,8,5,5,1,5, , , , 
1,5/6/2022 13:21:35,5/6/2022 13:32:02,627,5/6/2022 13:32:04,NL,11,1, , ,3,4,4,4,8,9,10,10,9,10,10,10,5,5,5,5, , , , 
1,5/6/2022 13:25:54,5/6/2022 13:35:21,566,5/6/2022 13:35:21,NL,9,1, , ,4,5,5,4,7,7,6,7,8,8,7,7,5,5,4,4, , , , 
1,5/6/2022 13:24:09,5/6/2022 13:45:43,1294,5/6/2022 13:45:43,NL,11,1, , ,3,4,3,4,8,7,8,9,8,8,9,9,4,3,3,3, , , , 
1,5/6/2022 13:35:27,5/6/2022 13:46:48,680,5/6/2022 13:46:48,NL,10,1, , ,3,4,5,5,10,8,10,10,8,10,10,10,4,5,3,4, , , , 
1,5/6/2022 13:41:22,5/6/2022 13:50:19,537,5/6/2022 13:50:21,NL,11,2, , ,3,4,5,5,8,7,10,10,10,10,10,9,4,3,4,4, , , , 
1,5/6/2022 13:22:04,5/6/2022 13:51:44,1779,5/6/2022 13:51:44,NL,8,1, , ,4,4,4,3,8,9,5,10,6,8,4,8,4,4,5,4, , , , 
1,5/6/2022 13:43:07,5/6/2022 13:56:07,780,5/6/2022 13:56:09,NL,5,1, , ,5,4,5,4,10,10,10,10,6,10,1,10,3,4,3,1, , , , 
1,5/6/2022 13:56:24,5/6/2022 14:05:43,559,5/6/2022 14:05:45,NL,13,2, , ,3,4,4,3,6,7,7,8,6,6,6,6,4,3,2,3, , , , 
1,5/6/2022 13:58:35,5/6/2022 14:07:47,551,5/6/2022 14:07:48,NL,10,2, , ,2,4,2,1,6,6,6,7,7,6,7,7,4,3,4,3, , , , 
1,5/6/2022 13:47:15,5/6/2022 14:08:27,1272,5/6/2022 14:08:28,NL,6,2, , ,5,5,5,3,9,8,9,10,10,10,10,10,5,5,5,4, , , , 
1,5/6/2022 13:51:42,5/6/2022 14:08:58,1035,5/6/2022 14:08:58,NL,10,2, , ,3,5,4,3,10,7,9,10,7,8,9,10,4,5,3,5, , , , 
1,5/6/2022 13:52:43,5/6/2022 14:10:03,1039,5/6/2022 14:10:04,NL, ,1, , ,3,5,4,2,10,5,10,10,10,10,10,10,4,5,3,4, , , , 
1,5/6/2022 13:45:55,5/6/2022 14:12:49,1613,5/6/2022 14:12:49,NL,7,1, , ,4,4,2,2,10,10,10,10,10,7,6,10,2,5,4,4, , , , 
1,5/6/2022 14:06:11,5/6/2022 14:18:56,765,5/6/2022 14:18:58,NL,11,1, , ,5,5,4,3,8,9,8,10,8,9,6,9,5,5,4,5, , , , 
1,5/6/2022 14:09:01,5/6/2022 14:20:12,670,5/6/2022 14:20:12,NL,10,2, , ,5,5,1,4,10,8,10,10,10,10,10,10,4,5,5,3, , , , 
1,5/6/2022 14:10:05,5/6/2022 14:21:15,669,5/6/2022 14:21:17,NL,10,2, , ,5,5,4,4,10,8,9,10,8,9,8,10,5,5,2,5, , , , 
1,5/6/2022 14:19:26,5/6/2022 14:28:56,570,5/6/2022 14:28:57,NL,8,2, , ,4,5,1,3,10,10,10,10,10,10,10,10,5,5,5,5, , , , 
1,5/6/2022 14:20:16,5/6/2022 14:32:39,742,5/6/2022 14:32:40,NL,9,2, , ,4,4,4,1,9,10,9,10,10,9,7,10,4,4,3,5, , , , 
1,5/6/2022 14:07:51,5/6/2022 14:34:23,1591,5/6/2022 14:34:24,NL,8,2, , ,4,3,4,3,10,10,10,10,10,10,10,10,4,5,4,4, , , , 
1,5/6/2022 14:21:19,5/6/2022 14:35:05,826,5/6/2022 14:35:06,NL,7,1, , ,3,4,5,1,8,9,9,10,7,9,6,7,4,5,4,4, , , , 
1,5/6/2022 14:08:47,5/6/2022 14:38:02,1755,5/6/2022 14:38:03,NL,9,1, , ,4,5,5,5,9,9,10,10,9,10,5,9,5,5,3,5, , , , 
1,5/6/2022 14:33:22,5/6/2022 14:39:19,357,5/6/2022 14:39:21,NL,12,1, , ,5,5,5,5,9,9,9,10,10,9,10,10,4,4,2,5, , , , 
1,5/6/2022 14:34:24,5/6/2022 14:42:41,496,5/6/2022 14:42:41,NL,9,2, , ,3,4,5,5,10,10,10,10,10,10,10,10,5,5,4,4, , , , 
1,5/6/2022 14:38:22,5/6/2022 14:45:09,407,5/6/2022 14:45:10,NL,11,1, , ,4,4,4,3,8,8,9,10,10,10,10,8,4,4,4,4, , , , 
1,5/6/2022 14:35:17,5/6/2022 14:47:01,703,5/6/2022 14:47:01,NL,7,1, , ,3,5,4,1,8,6,10,10,6,9,10,9,4,3,4,5, , , , 
1,5/6/2022 14:39:24,5/6/2022 14:52:47,802,5/6/2022 14:52:49,NL,11,2, , ,4,4,4,2,9,8,6,10,8,9,9,8,3,4,3,4, , , , 
1,5/6/2022 14:42:43,5/6/2022 15:08:47,1564,5/6/2022 15:08:49,NL,6,2, , ,3,5,5,4,10,6,10,10,10,10,10,10,4,5,5,5, , , , 
1,5/6/2022 14:46:04,5/6/2022 15:18:35,1951,5/6/2022 15:18:37,NL,10,1, , ,4,5,4,5,10,10,10,10,8,10,10,10,5,5,2,5, , , , 
1,5/6/2022 15:09:02,5/6/2022 15:19:29,627,5/6/2022 15:19:31,NL,7,2, , ,3,4,4,2,10,6,6,8,8,7,6,9,4,4,2,4, , , , 
1,5/6/2022 14:12:55,5/6/2022 15:26:16,4401,5/6/2022 15:26:16,NL,9,2, , ,3,4,4,2,9,6,9,10,10,8,4,7,4,4,4,3, , , , 
1,5/6/2022 15:19:37,5/6/2022 15:26:52,435,5/6/2022 15:26:52,NL,6,2, , ,2,4,4,2,10,10,10,10,10,10,10,10,4,4,2,2, , , , 
1,5/6/2022 15:25:47,5/6/2022 15:32:38,411,5/6/2022 15:32:39,NL,6,2, , ,4,4,4,3,10,10,10,10,10,10,10,10,4,4,4,5, , , , 
1,5/6/2022 15:26:19,5/6/2022 15:33:14,415,5/6/2022 15:33:14,NL,9,1, , ,3,5,5,4,8,7,9,10,9,9,7,10,5,5,1,5, , , , 
1,5/6/2022 14:47:05,5/6/2022 15:40:53,3228,5/6/2022 15:40:55,NL,7,2, , ,3,4,4,4,10,10,10,10,10,8,10,10,4,4,3,2, , , , 
1,5/6/2022 15:33:42,5/6/2022 15:41:12,450,5/6/2022 15:41:14,NL,11,2, , ,5,5,4,2,7,7,8,8,6,6,3,9,4,4,3,4, , , , 
1,5/6/2022 15:34:10,5/6/2022 15:42:50,520,5/6/2022 15:42:51,NL,10,1, , ,3,4,4,3,8,7,8,7,7,7,7,7,4,3,4,3, , , , 
1,5/6/2022 15:33:13,5/6/2022 15:45:07,713,5/6/2022 15:45:07,NL,9,1, , ,3,5,4,5,10,6,8,10,7,10,10,10,5,5,3,5, , , , 
1,5/6/2022 15:41:28,5/6/2022 15:48:09,400,5/6/2022 15:48:10,NL,7,2, , ,3,5,4,2,10,10,10,10,10,10,6,10,5,5,1,5, , , , 
1,5/6/2022 15:42:52,5/6/2022 15:53:01,609,5/6/2022 15:53:02,NL,10,2, , ,5,5,5,3,10,10,10,10,8,10,9,10,5,5,3,5, , , , 
1,5/6/2022 15:48:20,5/6/2022 15:54:38,377,5/6/2022 15:54:38,NL,10,2, , ,3,4,2,5,9,8,10,10,7,9,9,9,4,4,4,4, , , , 
1,5/6/2022 15:41:42,5/6/2022 15:54:45,783,5/6/2022 15:54:47,NL,8,1, , ,3,4,4,5,7,6,9,10,10,10,8,8,4,5,3,5, , , , 
1,5/6/2022 15:45:09,5/6/2022 15:55:13,603,5/6/2022 15:55:13,NL,11,1, , ,5,5,4,5,8,9,8,9,6,9,8,10,5,4,3,5, , , , 
1,5/3/2022 10:21:30,5/6/2022 16:02:20,279649,5/6/2022 16:02:20,NL,9,1, , ,3,5,4,5,10,10,10,10,10,10,10,10,5,5,5,4, , , , 
1,5/6/2022 15:38:59,5/6/2022 16:02:47,1427,5/6/2022 16:02:48,NL,8,2, , ,3,5,2,1,10,9,10,10,10,10,10,10,5,4,5,5, , , , 
1,5/6/2022 15:53:28,5/6/2022 16:04:06,638,5/6/2022 16:04:07,NL,6,1, , ,3,5,4,5,10,9,10,10,10,10,10,5,4,5,5,2, , , , 
1,5/6/2022 14:30:38,5/6/2022 16:08:05,5847,5/6/2022 16:08:06,NL,9,1, , ,3,4,4,4,10,8,7,10,6,10,8,7,4,5,5,4, , , , 
1,5/6/2022 16:02:50,5/6/2022 16:10:26,456,5/6/2022 16:10:27,NL,6,1, , ,5,4,5,2,10,10,10,10,10,10,10,10,5,3,5,5, , , , 
1,5/6/2022 15:56:35,5/6/2022 16:12:14,939,5/6/2022 16:12:14,NL,13,1, , ,3,4,4,3,8,6,6,9,7,10,8,10,5,4,1,3, , , , 
1,5/6/2022 16:09:32,5/6/2022 16:15:12,339,5/6/2022 16:15:12,NL,11,1, , ,3,4,2,1,6,8,7,7,10,9,10,10,5,3,4,3, , , , 
1,5/6/2022 16:08:55,5/6/2022 16:17:25,509,5/6/2022 16:17:25,NL,12,1, , ,4,3,3,3,7,5,9,7,7,10,10,8,5,4,5,3, , , , 
1,5/6/2022 16:11:45,5/6/2022 16:17:50,365,5/6/2022 16:17:52,NL,9,1, , ,4,4,2,2,7,6,6,10,6,10,7,10,3,3,4,3, , , , 
1,5/6/2022 16:12:15,5/6/2022 16:18:44,388,5/6/2022 16:18:46,NL,10,1, , ,5,5,4,4,10,10,10,10,10,10,9,10,5,5,4,4, , , , 
1,5/6/2022 16:04:15,5/6/2022 16:22:03,1068,5/6/2022 16:22:04,NL,10,1, , ,3,4,3,4,8,8,8,8,8,8,8,8,4,4,2,4, , , , 
1,5/6/2022 16:18:53,5/6/2022 16:25:27,394,5/6/2022 16:25:29,NL,10,2, , ,3,4,4,4,10,8,10,10,8,9,9,8,4,3,4,3, , , , 
1,5/6/2022 16:17:36,5/6/2022 16:26:01,505,5/6/2022 16:26:01,NL,12,2, , ,4,5,4,3,10,8,9,9,9,10,10,10,4,5,2,5, , , , 
1,5/6/2022 16:20:02,5/6/2022 16:26:57,414,5/6/2022 16:26:57,NL,9,1, , ,5,5,5,5,10,10,10,10,10,10,10,10,5,4,4,4, , , , 
1,5/6/2022 16:27:21,5/6/2022 16:33:10,348,5/6/2022 16:33:12,NL,8,1, , ,5,4,2,4,10,6,10,10,7,8,10,9,5,3,4,5, , , , 
1,5/6/2022 16:27:40,5/6/2022 16:37:15,575,5/6/2022 16:37:16,NL,9,1, , ,4,4,3,4,8,8,8,10,7,8,5,10,4,3,3,4, , , , 
1,5/6/2022 16:37:17,5/6/2022 16:43:33,376,5/6/2022 16:43:34,NL,10,2, , ,4,4,4,4,9,9,7,10,10,10,1,10,4,3,4,4, , , , 
1,5/6/2022 16:38:11,5/6/2022 16:44:07,356,5/6/2022 16:44:07,NL,12,2, , ,3,4,2,1,9,10,10,10,10,10,10,10,4,5,2,5, , , , 
1,5/6/2022 16:20:13,5/6/2022 16:45:40,1526,5/6/2022 16:45:41,NL,10,2, , ,3,4,5,5,5,4,6,6,4,5,8,5,4,4,4,5, , , , 
1,5/6/2022 16:38:35,5/6/2022 16:46:56,501,5/6/2022 16:46:57,NL,10,2, , ,4,4,2,2,7,9,8,9,8,8,8,9,4,4,2,4, , , , 
1,5/6/2022 16:22:06,5/6/2022 16:47:59,1552,5/6/2022 16:47:59,NL,8,1, , ,4,5,4,1,7,6,6,8,8,9,8,8,3,5,2,4, , , , 
1,5/6/2022 16:47:58,5/6/2022 16:54:48,410,5/6/2022 16:54:48,NL,6,2, , ,3,5,4,2,10,9,8,9,8,10,10,10,4,5,1,1, , , , 
1,5/6/2022 16:26:03,5/6/2022 16:55:35,1772,5/6/2022 16:55:36,NL,9,2, , ,3,4,4,3,9,8,9,10,9,6,8,8,4,5,4,4, , , , 
1,5/6/2022 16:48:10,5/6/2022 16:59:46,695,5/6/2022 16:59:47,NL,10,2, , ,3,4,5,3,10,7,10,10,10,10,7,10,4,3,4,4, , , , 
1,5/6/2022 16:50:18,5/6/2022 16:59:51,573,5/6/2022 16:59:52,NL,8,2, , ,3,5,4,5,10,5,5,10,7,3,10,10,4,5,2,4, , , , 
1,5/6/2022 16:50:30,5/6/2022 16:59:52,562,5/6/2022 16:59:53,NL,7,1, , ,3,4,3,3,10,10,10,10,10,10,10,10,4,3,3,2, , , , 
1,5/6/2022 16:10:30,5/6/2022 17:06:32,3362,5/6/2022 17:06:33,NL,7,2, , ,3,5,4,4,10,7,6,9,6,7,7,10,4,5,2,4, , , , 
1,5/6/2022 16:55:48,5/6/2022 17:06:57,668,5/6/2022 17:06:57,NL,8,2, , ,3,4,4,1,10,10,10,10,10,10,1,10,4,3,4,3, , , , 
1,5/6/2022 17:08:03,5/6/2022 17:12:17,254,5/6/2022 17:12:19,NL,12,2, , ,3,2,3,5,8,4,5,8,4,6,5,6,3,2,2,2, , , , 
1,5/6/2022 17:06:34,5/6/2022 17:16:27,593,5/6/2022 17:16:29,NL,8,2, , ,3,4,4,5,9,6,9,10,9,9,9,9,4,2,2,3, , , , 
1,5/6/2022 16:55:38,5/6/2022 17:18:07,1348,5/6/2022 17:18:07,NL,12,2, , ,3,4,5,3,9,9,10,10,9,10,10,10,5,4,4,4, , , , 
1,5/6/2022 16:59:48,5/6/2022 17:18:10,1102,5/6/2022 17:18:10,NL,7,2, , ,3,4,2,1,9,6,6,8,6,8,7,10,4,4,4,5, , , , 
1,5/6/2022 17:01:18,5/6/2022 17:18:16,1017,5/6/2022 17:18:17,NL,10,2, , ,3,5,4,1,10,10,9,9,9,9,9,10,4,5,4,4, , , , 
1,5/6/2022 17:06:59,5/6/2022 17:23:54,1015,5/6/2022 17:23:55,NL,8,2, , ,3,5,1,1,10,10,10,10,10,10,10,10,5,5,5,5, , , , 
1,5/6/2022 17:16:56,5/6/2022 17:34:14,1037,5/6/2022 17:34:15,NL,13,1, , ,4,4,5,5,9,8,7,10,10,10,7,8,5,5,3,4, , , , 
1,5/6/2022 17:18:31,5/6/2022 17:34:41,970,5/6/2022 17:34:41,NL,11,2, , ,3,2,5,5,7,6,7,9,6,8,9,10,5,3,4,2, , , , 
1,5/6/2022 17:23:56,5/6/2022 17:35:51,714,5/6/2022 17:35:52,NL,7,1, , ,3,4,4,5,10,10,7,10,10,10,10,10,5,3,5,5, , , , 
1,5/6/2022 17:19:59,5/6/2022 17:37:14,1035,5/6/2022 17:37:16,NL,8,2, , ,3,5,4,3,10,10,10,10,10,10,10,10,5,5,3,5, , , , 
1,5/6/2022 17:36:00,5/6/2022 17:42:23,382,5/6/2022 17:42:23,NL,9,1, , ,4,5,4,5,7,9,10,10,7,10,10,10,4,5,4,5, , , , 
1,5/6/2022 17:35:53,5/6/2022 17:43:13,439,5/6/2022 17:43:13,NL,6,1, , ,3,5,4,2,9,8,7,9,7,8,9,8,2,4,4,4, , , , 
1,5/6/2022 17:39:56,5/6/2022 17:48:09,492,5/6/2022 17:48:10,NL,7,1, , ,3,4,2,2,10,10,10,10,6,10,9,7,3,4,4,4, , , , 
1,5/6/2022 17:42:28,5/6/2022 17:49:12,404,5/6/2022 17:49:13,NL,8,1, , ,3,5,4,4,10,8,10,10,10,6,1,10,5,5,5,5, , , , 
1,5/6/2022 17:44:28,5/6/2022 17:50:00,332,5/6/2022 17:50:01,NL,12,2, , ,3,4,5,2,8,7,9,9,7,8,3,8,4,4,3,3, , , , 
1,5/6/2022 17:48:15,5/6/2022 17:52:58,282,5/6/2022 17:52:59,NL,6,1, , ,3,5,2,4,10,10,10,10,10,10,10,10,4,5,1,5, , , , 
1,5/6/2022 17:35:42,5/6/2022 17:55:27,1184,5/6/2022 17:55:28,NL,10,1, , ,3,3,4,3,6,5,5,6,6,7,7,7,4,3,3,1, , , , 
1,5/6/2022 17:55:28,5/6/2022 18:00:19,290,5/6/2022 18:00:19,NL,10,2, , ,3,5,5,4,8,8,8,9,9,10,8,10,4,5,4,4, , , , 
1,5/6/2022 17:49:15,5/6/2022 18:02:01,765,5/6/2022 18:02:02,NL,12,2, , ,3,5,4,3,8,6,6,10,5,6,6,10,4,4,4,4, , , , 
1,5/6/2022 17:59:35,5/6/2022 18:06:12,396,5/6/2022 18:06:12,NL,8,1, , ,3,4,4,3,10,10,10,10,10,10,10,10,4,4,5,5, , , , 
1,5/6/2022 17:50:06,5/6/2022 18:11:46,1299,5/6/2022 18:11:47,NL,6,2, , ,3,5,2,1,10,10,10,10,10,1,1,10,5,2,5,2, , , , 
1,5/6/2022 17:54:09,5/6/2022 18:11:50,1060,5/6/2022 18:11:50,NL,11,2, , ,3,4,4,3,10,8,7,10,10,10,10,10,4,4,4,3, , , , 
1,5/3/2022 10:18:26,5/6/2022 18:14:09,287743,5/6/2022 18:14:10,NL,8,1, , ,3,5,4,5,8,8,7,9,6,9,8,9,4,5,4,3, , , , 
1,5/6/2022 18:06:21,5/6/2022 18:15:48,566,5/6/2022 18:15:50,NL,7,2, , ,3,5,4,4,10,10,10,9,10,10,9,10,5,4,4,5, , , , 
1,5/6/2022 18:02:12,5/6/2022 18:17:41,929,5/6/2022 18:17:43,NL, ,2, , ,3,5,4,3,8,7,9,10,9,10,9,10,5,5,4,5, , , , 
1,5/6/2022 18:15:51,5/6/2022 18:21:13,321,5/6/2022 18:21:13,NL,11,2, , ,4,4,4,4,8,8,8,9,7,8,8,8,4,4,4,4, , , , 
1,5/6/2022 18:17:43,5/6/2022 18:22:31,287,5/6/2022 18:22:32,NL,11,2, , ,5,5,4,4,10,10,10,10,10,10,10,10,5,5,5,5, , , , 
1,5/6/2022 18:21:18,5/6/2022 18:30:34,556,5/6/2022 18:30:36,NL,9,1, , ,3,4,4,5,9,8,10,10,10,7,7,10,5,4,4,5, , , , 
2, , , , ,EN, , , , , , , , ,8,8,8,7,7,8,8,8,5,4,5,4, , , , 
2, , , , ,EN, , , , , , , , ,8,9,7,9,8,8,3,9,4,4,2,3, , , , 
2, , , , ,EN, , , , , , , , ,8,6,6,7,6,6,6,6,4,3,4,3, , , , 
2, , , , ,EN, , , , , , , , ,9,9,9,10,8,8,3,8,5,4,4,4, , , , 
2, , , , ,EN, , , , , , , , ,9,8,7,10,8,7,7,10,4,5,3,4, , , , 
2, , , , ,EN, , , , , , , , ,8,7,7,7,3,3,5,8,4,3,4,3, , , , 
2, , , , ,EN, , , , , , , , ,5,2,7,6,7,6,7,8,5,2,4,3, , , , 
2, , , , ,EN, , , , , , , , ,8,4,7,5,6,4,5,7,4,3,3,3, , , , 
2, , , , ,EN, , , , , , , , ,7,7,7,7,5,6,5,7,4,4,4,3, , , , 
2, , , , ,EN, , , , , , , , ,8,9,9,7,8,8,7,10,5,5,3,4, , , , 
2, , , , ,EN, , , , , , , , ,8,7,8,7,7,7,6,7,4,4,4,3, , , , 
2, , , , ,EN, , , , , , , , ,7,8,7,8,7,6,6,8,4,3,4,2, , , , 
2, , , , ,EN, , , , , , , , ,8,9,9,9,8,7,6,9,4,4,4,5, , , , 
2, , , , ,EN, , , , , , , , ,9,10,9,10,10,10,7,10,5,5,4,5, , , , 
2, , , , ,EN, , , , , , , , ,9,8,8,10,9,9,8,10,5,4,4,5, , , , 
2, , , , ,EN, , , , , , , , ,8,8,7,8,8,7,4,10,4,5,3,5, , , , 
2, , , , ,EN, , , , , , , , ,8,8,6,8,8,6,1,8,5,4,2,4, , , , 
2, , , , ,EN, , , , , , , , ,8,8,7,10,8,9,3,10,5,4,5,3, , , , 
2, , , , ,EN, , , , , , , , ,8,8,6,7,9,10,8,8,4,4,4,5, , , , 
2, , , , ,EN, , , , , , , , ,8,8,9,8,7,8,8,9,4,4,5,4, , , , 
2, , , , ,EN, , , , , , , , ,6,9,8,7,6,6,6,6,4,3,4,3, , , , 
2, , , , ,EN, , , , , , , , ,9,10,8,9,9,8,8,10,5,4,5,4, , , , 
2, , , , ,EN, , , , , , , , ,8,8,8,9,9,8,9,9,5,4,4,5, , , , 
2, , , , ,EN, , , , , , , , ,9,7,7,9,9,7,7,10,4,5,3,5, , , , 
2, , , , ,EN, , , , , , , , ,9,9,9,10,8,7,8,9,5,5,2,5, , , , 
2, , , , ,EN, , , , , , , , ,8,6,7,9,7,7,7,7,5,3,3,5, , , , 
2, , , , ,EN, , , , , , , , ,10,5,7,10,10,10,10,10,5,5,5,5, , , , 
2, , , , ,EN, , , , , , , , ,8,9,7,8,9,8,8,9,5,4,4,3, , , , 
2, , , , ,EN, , , , , , , , ,8,8,6,9,9,9,8,8,5,4,4,4, , , , 
2, , , , ,EN, , , , , , , , ,10,10,10,10,8,8,8,8,4,4,4,4, , , , 
2, , , , ,EN, , , , , , , , ,10,10,10,10,9,10,9,10,4,4,4,4, , , , 
2, , , , ,EN, , , , , , , , ,10,9,10,10,9,10,10,10,5,4,4,5, , , , 
2, , , , ,EN, , , , , , , , ,9,4,5,8,10,9,6,10,5,5,5,5, , , , 
2, , , , ,EN, , , , , , , , ,8,8,8,8,9,7,9,10,4,5,4,5, , , , 
2, , , , ,EN, , , , , , , , ,9,7,8,5,9,9,8,9,4,4,4,3, , , , 
2, , , , ,EN, , , , , , , , ,9,8,6,8,5,3,3,7,4,3,4,4, , , , 
2, , , , ,EN, , , , , , , , ,10,10,10,10,10,10,10,10,5,4,5,5, , , , 
2, , , , ,EN, , , , , , , , ,9,9,9,9,9,9,9,9,5,4,5,4, , , , 
2, , , , ,EN, , , , , , , , ,10,10,9,9,9,10,10,10,5,4,4,4, , , , 
2, , , , ,EN, , , , , , , , ,10,10,7,9,10,10,10,10,5,4,5,4, , , , 
2, , , , ,EN, , , , , , , , ,6,10,6,6,7,7,7,9,4,4,3,3, , , , 
2, , , , ,EN, , , , , , , , ,9,9,9,9,8,8,9,10,4,4,3,5, , , , 
2, , , , ,EN, , , , , , , , ,7,7,8,8,7,8,8,10,4,4,4,3, , , , 
2, , , , ,EN, , , , , , , , ,7,7,5, ,10,9,9,10,4,5,3,5, , , , 
2, , , , ,EN, , , , , , , , ,9,8,9,9,8,7,8,8,4,4,4,4, , , , 
2, , , , ,EN, , , , , , , , ,8,8,8,6,8,6,5,9,4,4,2,3, , , , 
2, , , , ,EN, , , , , , , , ,9,9,9,9,8,7,8,9,4,4,4,4, , , , 
2, , , , ,EN, , , , , , , , ,8,8,6,5,8,7,6,10,3,4,2,4, , , , 
2, , , , ,EN, , , , , , , , ,7,8,7,9,8,8,10,10,4,4,3,4, , , , 
2, , , , ,EN, , , , , , , , ,5,7,9,9,8,8,8,9,5,5,5,5, , , , 
2, , , , ,EN, , , , , , , , ,9,5,8,5,9,10,8,8,5,4,4,4, , , , 
2, , , , ,EN, , , , , , , , ,6,7,6,6,5,5,5,7,5,4,4,4, , , , 
2, , , , ,EN, , , , , , , , ,10,9,6,9,8,9,9,9,4,3,4,5, , , , 
2, , , , ,EN, , , , , , , , ,9,10,9,9,9,8,9,10,4,4,3,4, , , , 
2, , , , ,EN, , , , , , , , ,7,10,4,7,4,1,1,8,4,2,3,4, , , , 
2, , , , ,EN, , , , , , , , ,7,9,8,8,8,8,8,9,5,4,4,4, , , , 
2, , , , ,EN, , , , , , , , ,7,4,8,5,7,8,4,6,4,2,3,2, , , , 
2, , , , ,EN, , , , , , , , ,9,5,3,8,8,10,1,10,4,5,3,4, , , , 
2, , , , ,EN, , , , , , , , ,8,10,7,9,7,9,7,9,5,4,3,4, , , , 
2, , , , ,EN, , , , , , , , ,9,6,10,6,9,7,9,9,5,4,5,4, , , , 
2, , , , ,EN, , , , , , , , ,4,5,6,5,4,5,7,5,3,4,3,3, , , , 
2, , , , ,EN, , , , , , , , ,9,7,10,9,10,9,7,10,4,4,1,5, , , , 
2, , , , ,EN, , , , , , , , ,8,10,8,7,10,7,2,9,4,4,3,4, , , , 
2, , , , ,EN, , , , , , , , ,6,7,9,8,10,5,6,10,5,5,4,4, , , , 
2, , , , ,EN, , , , , , , , ,7,7,7,7,9,8,5,9,4,4,3,3, , , , 
2, , , , ,EN, , , , , , , , ,10,8,7,7,10,9,2,10,4,5,3,5, , , , 
2, , , , ,EN, , , , , , , , ,5,7,5,3,7,3,2,7,5,5,1,4, , , , 
2, , , , ,EN, , , , , , , , ,5,7,5,3,7,3,2,7,5,5,1,4, , , , 
2, , , , ,EN, , , , , , , , ,9,9,8,8,10,9,4,9,5,5,4,5, , , , 
2, , , , ,EN, , , , , , , , ,8,9,8,10,9,7,3,9,4,4,4,5, , , , 
2, , , , ,EN, , , , , , , , ,8,8,8,9,9,7,2,9,5,4,4,5, , , , 
2, , , , ,EN, , , , , , , , ,8,7,8,8,9,9,6,8,5,4,4,4, , , , 
2, , , , ,EN, , , , , , , , ,8,6,8,9,9,7,6,9,4,4,3,4, , , , 
2, , , , ,EN, , , , , , , , ,4,9,5,7,4,7,10,5,4,2,3,2, , , , 
2, , , , ,EN, , , , , , , , ,10,8,10,10,10,10,10,10,5,5,5,5, , , , 
2, , , , ,EN, , , , , , , , ,7,7,7,7,8,7,6,7,5,3,3,4, , , , 
2, , , , ,EN, , , , , , , , ,8,10,9,9,9,9,3,10,5,5,3,5, , , , 
2, , , , ,EN, , , , , , , , ,8,6,4,8,8,8,4,8,4,4,3,3, , , , 
2, , , , ,EN, , , , , , , , ,7,6,4,8,7,6,4,9,5,4,5,4, , , , 
2, , , , ,EN, , , , , , , , ,9,9,9,9,10,9,6,9,5,5,5,5, , , , 
2, , , , ,EN, , , , , , , , ,8,3,7,9,8,3,7,9,5,5,3,4, , , , 
2, , , , ,EN, , , , , , , , ,10,8,7,9,10,8,3,10,5,4,3,5, , , , 
2, , , , ,EN, , , , , , , , ,8,8,7,7,6,7,7,6,4,4,3,4, , , , 
2, , , , ,EN, , , , , , , , ,9,9,9,10,9,9,7,9,5,5,5,5, , , , 
2, , , , ,EN, , , , , , , , ,7,7,7,7,8,7,8,7,4,4,4,5, , , , 
2, , , , ,EN, , , , , , , , ,8,9,6,8,9,8,1,9,4,4,4,4, , , , 
2, , , , ,EN, , , , , , , , ,8,9,8,9,8,8,8,9,5,4,4,4, , , , 
2, , , , ,EN, , , , , , , , ,8,10,9,10,10,8,8,10,5,4,5,4, , , , 
2, , , , ,EN, , , , , , , , ,6,7,7,7,8,8,4,8,4,3,4,3, , , , 
2, , , , ,EN, , , , , , , , ,8,5,5,7,8,9,3,9,5,2,2,4, , , , 
2, , , , ,EN, , , , , , , , ,8,7,8,8,9,8,5,9,4,3,4,2, , , , 
2, , , , ,EN, , , , , , , , ,7,7,7,7,8,7,4,8,4,4,4,4, , , , 
2, , , , ,EN, , , , , , , , ,8,6,9,8,7,6,5,7,5,5,5,4, , , , 
2, , , , ,EN, , , , , , , , ,8,8,8,8,7,7,4,8,4,3,1,3, , , , 
2, , , , ,EN, , , , , , , , ,8,10,8,10,10,8,5,10,5,3,4,3, , , , 
2, , , , ,EN, , , , , , , , ,8,8,9,9,8,7,6,7,4,3,4,3, , , , 
2, , , , ,EN, , , , , , , , ,8,9,8,7,7,5,6,7,4,4,4,4, , , , 
2, , , , ,EN, , , , , , , , ,10,10,10,10,10,10,10,10,5,5,5,5, , , , 
2, , , , ,EN, , , , , , , , ,6,6,7,7,5,5,3,6,3,3,3,3, , , , 
2, , , , ,EN, , , , , , , , ,10,10,10,10,10,9,2,10,5,4,4,4, , , , 
2, , , , ,EN, , , , , , , , ,7,7,7,7,9,7,1,10,5,4,3,3, , , , 
2, , , , ,EN, , , , , , , , ,10,9,9,10,10,10,3,10,4,5,4,3, , , , 
2, , , , ,EN, , , , , , , , ,8,7,9,10,10,8,1,10,4,3,3,4, , , , 
2, , , , ,EN, , , , , , , , ,7,7,4,5,10,8,5,10,5,5,4,4, , , , 
2, , , , ,EN, , , , , , , , ,9,10,8,9,10,9,7,9,4,4,5,4, , , , 
2, , , , ,EN, , , , , , , , ,10,9,9,8,9,10,10,10,5,4,3,4, , , , 
2, , , , ,EN, , , , , , , , ,10,10,9,10,8,9,9,10,5,4,4,3, , , , 
2, , , , ,EN, , , , , , , , ,9,10,10,10,10,10,9,10,4,4,4,4, , , , 
2, , , , ,EN, , , , , , , , ,10,10,10,10,10,10,10,10,5,5,4,5, , , , 
2, , , , ,EN, , , , , , , , ,7,9,8,8,8,8,8,10,4,4,3,4, , , , 
2, , , , ,EN, , , , , , , , ,10,10,10,10,10,10,10,10,5,5,5,5, , , , 
2, , , , ,EN, , , , , , , , ,10,9,9,10,10,10,10,10,5,5,5,5, , , , 
2, , , , ,EN, , , , , , , , ,9,9,9,9,9,9,9,10,5,5,4,5, , , , 
2, , , , ,EN, , , , , , , , ,9,9,3,9,7,7,6,9,4,4,3,4, , , , 
2, , , , ,EN, , , , , , , , ,10,10,8,10,10,8,10,10,5,5,3,4, , , , 
2, , , , ,EN, , , , , , , , ,10,10,8,10,10,9,10,10,5,5,3,5, , , , 
2, , , , ,EN, , , , , , , , ,10,10,7,8,10,8,6,10,5,5,4,5, , , , 
2, , , , ,EN, , , , , , , , ,10,10,10,10,8,10,10,10,5,4,3,4, , , , 
2, , , , ,EN, , , , , , , , ,9,9,10,9,8,8,7,10,3,4,4,5, , , , 
2, , , , ,EN, , , , , , , , ,10,10,10,10,10,10,10,10,4,4,5,5, , , , 
2, , , , ,EN, , , , , , , , ,10,10,10,10,10,10,10,10,4,4,4,4, , , , 
2, , , , ,EN, , , , , , , , ,9,9,10,10,10,10,10,10,5,5,5,4, , , , 
2, , , , ,EN, , , , , , , , ,9,7,10,9,9,7,9,10,5,5,5,5, , , , 
2, , , , ,EN, , , , , , , , ,9,7,8,8,9,7,9,9,4,4,5,4, , , , 
2, , , , ,EN, , , , , , , , ,10,10,9,9,9,9,8,9,4,4,3,4, , , , 
2, , , , ,EN, , , , , , , , ,10,9,10,10,10,10,10,10,5,4,4,5, , , , 
2, , , , ,EN, , , , , , , , ,9,10,10,10,10,10,10,10,5,5,4,5, , , , 
2, , , , ,EN, , , , , , , , ,9,10,7,10,9,8,7,10,4,4,4,3, , , , 
2, , , , ,EN, , , , , , , , ,9,8,9,9,9,8,8,8,4,4,4,4, , , , 
2, , , , ,EN, , , , , , , , ,8,9,8,9,7,7,3,9,4,4,3,4, , , , 
2, , , , ,EN, , , , , , , , ,9,10,9,9,9,10,8,10,5,5,4,5, , , , 
2, , , , ,EN, , , , , , , , ,10,10,9,9,10,9,10,10,5,4,5,4, , , , 
2, , , , ,EN, , , , , , , , ,10,10,10,10,10,10,10,10,5,5,4,5, , , , 
2, , , , ,EN, , , , , , , , ,8,8,8,8,8,8,8,8,4,5,4,5, , , , 
2, , , , ,EN, , , , , , , , ,9,9,9,8,9,8,9,9,4,5,4,4, , , , 
2, , , , ,EN, , , , , , , , ,8,8,8,9,10,10,5,10,5,4,4,3, , , , 
2, , , , ,EN, , , , , , , , ,8,8,6,9,7,8,6,8,4,3,1,5, , , , 
2, , , , ,EN, , , , , , , , ,6,8,6,8,8,7,4,7,4,4,4,4, , , , 
2, , , , ,EN, , , , , , , , ,8,8,8,8,7,7,7,6,4,4,3,3, , , , 
2, , , , ,EN, , , , , , , , ,6,7,6,7,7,6,6,9,4,4,5,3, , , , 
2, , , , ,EN, , , , , , , , ,7,7,7,7,4,5,6,4,4,2,3,2, , , , 
2, , , , ,EN, , , , , , , , ,9,7,8,9,6,6,9,7,5,3,4,3, , , , 
2, , , , ,EN, , , , , , , , ,8,8,7,5,7,7,7,8,4,4,4,4, , , , 
2, , , , ,EN, , , , , , , , ,10,10,10,10,10,9,1,10,4,4,3,4, , , , 
2, , , , ,EN, , , , , , , , ,7,7,7,8,8,7,3,8,4,4,2,4, , , , 
2, , , , ,EN, , , , , , , , ,8,7,8,9,9,7,5,9,4,4,3,4, , , , 
2, , , , ,EN, , , , , , , , ,7,5,8,8,7,7,5,7,4,3,2,3, , , , 
2, , , , ,EN, , , , , , , , ,9,8,10,10,9,9,6,10,5,5,4,3, , , , 
2, , , , ,EN, , , , , , , , ,10,10,9,10,10,9,7,10,5,5,4,4, , , , 
2, , , , ,EN, , , , , , , , ,9,8,8,8,7,7,7,9,4,4,4,4, , , , 
2, , , , ,EN, , , , , , , , ,9,7,8,9,8,7,2,10,4,4,4,5, , , , 
2, , , , ,EN, , , , , , , , ,8,8,9,6,8,6,8,8,4,4,4,4, , , , 
2, , , , ,EN, , , , , , , , ,8,8,8,7,7,7,8,9,5,3,4,4, , , , 
2, , , , ,EN, , , , , , , , ,8,5,7,8,7,8,5,8,4,4,3,5, , , , 
2, , , , ,EN, , , , , , , , ,8,10,8,9,9,9,8,10,4,4,3,4, , , , 
2, , , , ,EN, , , , , , , , ,6,6,6,6,6,5,5,7,4,3,3,2, , , , 
2, , , , ,EN, , , , , , , , ,6,5,6,6,5,5,5,8,2,2,1,1, , , , 
2, , , , ,EN, , , , , , , , ,7,7,5,7,6,6,6,9,5,3,3,2, , , , 
2, , , , ,EN, , , , , , , , ,9,9,8,10,9,8,10,10,5,5,2,5, , , , 
2, , , , ,EN, , , , , , , , ,10,9,10,10,10,10,10,10,5,5,3,5, , , , 
2, , , , ,EN, , , , , , , , ,9,10,9,9,8,9,8,9,4,4,3,3, , , , 
2, , , , ,EN, , , , , , , , ,8,9,8,9,7,8,4,9,4,3,3,3, , , , 
2, , , , ,EN, , , , , , , , ,9,9,9,9,6,6,6,7,3,3,4,4, , , , 
2, , , , ,EN, , , , , , , , ,8,8,6,8,10,8,8,10,4,4,4,5, , , , 
2, , , , ,EN, , , , , , , , ,10,10,1,10,10,10,5,10,5,3,4,5, , , , 
2, , , , ,EN, , , , , , , , ,5,2,3,4,8,6,4,6,4,3,3,3, , , , 
2, , , , ,EN, , , , , , , , ,9,8,5,4,7,5,5,7,4,3,3,3, , , , 
2, , , , ,EN, , , , , , , , ,8,9,8,8,9,9,6,8,4,4,4,5, , , , 
2, , , , ,EN, , , , , , , , ,10,8,9,9,10,9,9,10,4,4,3,3, , , , 
2, , , , ,EN, , , , , , , , ,8,8,7,9,9,7,6,9,4,3,4,3, , , , 
2, , , , ,EN, , , , , , , , ,9,10,6,9,10,10,8,10,5,5,4,5, , , , 
2, , , , ,EN, , , , , , , , ,6,7,6,4,6,7,4,6,4,3,4,4, , , , 
2, , , , ,EN, , , , , , , , ,8,4,8,8,10,10,7,10,4,4,3,4, , , , 
2, , , , ,EN, , , , , , , , ,4,2,2,2,10,9,8,10,5,5,4,5, , , , 
2, , , , ,EN, , , , , , , , ,9,6,7,8,10,9,8,10,4,5,3,5, , , , 
2, , , , ,EN, , , , , , , , ,7,8,6,6,9,9,5,10,5,5,4,5, , , , 
2, , , , ,EN, , , , , , , , ,5,5,5,5,3,4,3,3,1,4,1,1, , , , 
2, , , , ,EN, , , , , , , , ,8,5,8,10,10,9,7,10,5,5,5,5, , , , 
2, , , , ,EN, , , , , , , , ,10,9,8,10,10,9,9,10,5,4,4,5, , , , 
2, , , , ,EN, , , , , , , , ,6,3,8,6,8,8,8,10,5,5,5,5, , , , 
2, , , , ,EN, , , , , , , , ,9,7,9,8,9,9,9,10,5,5,4,5, , , , 
2, , , , ,EN, , , , , , , , ,9,9,8,9,9,7,7,10,5,4,3,4, , , , 
3, , , ,4/22/2022 9:58:00,NL,14, , ,6247,2,4,2,4,8,8,7,9,7,9,3,9,4,4,4,4, , , , 
3, , , ,4/22/2022 10:06:00,NL,14, , ,6226,4,4,3,4,9,8,8,9,8,8,8,9,5,5,4,5, , , , 
3, , , ,4/22/2022 10:22:00,NL,15, , ,6225,4,5,5,4,10,10,10,10,10,2,3,10,5,5,5,4, , , , 
3, , , ,4/22/2022 10:46:00,NL,15, , ,6211,4,4,4,4,10,10,10,10,10,10,10,10,4,4,3,4, , , , 
3, , , ,4/22/2022 20:26:00,NL,15, , ,6229,1,1,2,1,9,8,7,9,8,7,8,9,1,1,1,1, , , , 
3, , , ,4/22/2022 10:41:00,NL,14, , ,6465,2,4,3,4,9,9,6,9,6,6,9,10,5,3,4,5, , , , 
4,5/9/2022 6:23:47,5/9/2022 6:26:39,171,5/9/2022 6:26:40,NL,48,2,4,8862,4,4,4,4,6,6,6,5,7,6,5,5,2,4,2,5,3,3,3,5
4,5/9/2022 6:25:38,5/9/2022 6:27:42,123,5/9/2022 6:27:42,NL,38,2,9,8862,3,4,4,2,8,5,8,8,7,8,8,9,4,4,4,4,5,4,4,5
4,5/9/2022 6:26:46,5/9/2022 6:28:47,120,5/9/2022 6:28:47,NL,37,2,5,8802,4,4,4,3,8,8,10,10,8,7,10,10,4,5,1,5,5,4,4,5
4,5/9/2022 6:28:50,5/9/2022 6:33:11,260,5/9/2022 6:33:11,NL,41,2,9,8801,3,4,4,3,8,8,8,8,8,8,7,10,4,4,2,5,5,5,3,5
4,5/9/2022 6:29:21,5/9/2022 6:33:23,241,5/9/2022 6:33:24,NL,44,2,7,3971,3,4,5,5,10,10,10,10,8,10,8,10,4,4,1,5,5,4,6,5
4,5/9/2022 6:30:34,5/9/2022 6:34:59,265,5/9/2022 6:34:59,NL,41,2,5,9254,3,3,4,1,7,5,6,6,6,6,6,6,3,2,3,3,3,3,3,2
4,5/9/2022 6:34:17,5/9/2022 6:36:53,156,5/9/2022 6:36:54,NL,36,2,5,8584,3,4,5,2,8,8,8,8,10,10,10,10,4,5,2,5,5,5,5,5
4,5/9/2022 6:32:34,5/9/2022 6:37:04,269,5/9/2022 6:37:04,NL,74,1,5,9204,5,5,5,4,10,10,8,10,10,10,5,10,4,4,4,5,5,5,3,5
4,5/9/2022 6:38:11,5/9/2022 6:40:02,111,5/9/2022 6:40:04,NL,37,2,5,8748,2,3,4,2,8,6,8,8,8,8,8,8,4,4,2,4,4,4,3,5
4,5/9/2022 6:39:41,5/9/2022 6:43:02,200,5/9/2022 6:43:02,NL,28,2,9,9298,3,3,5,4,9,8,9,9,8,8,8,9,4,5,4,5,5,5,5,5
4,5/9/2022 6:42:15,5/9/2022 6:45:36,201,5/9/2022 6:45:36,NL,43,2,9,1822,4,3,3,3,7,7,6,7,7,7,7,8,3,5,4,5,4,4,4,5
4,5/9/2022 6:42:53,5/9/2022 6:49:49,416,5/9/2022 6:49:50,NL,45,2,9,8862,1,1,3,2,10,10,10,10,10,10,10,10,4,4,3,5,4,4,3,5
4,5/9/2022 6:49:53,5/9/2022 6:52:31,157,5/9/2022 6:52:31,NL,42,2,5,8911,4,4,5,4,9,9,9,10,9,9,9,9,4,4,3,5,5,4,3,5
4,5/9/2022 6:38:26,5/9/2022 6:54:22,955,5/9/2022 6:54:22,NL,30,2,5,8802,2,3,2,3,8,9,8,8,9,8,9,10,3,3,2,4,3,4,6,4
4,5/9/2022 6:51:58,5/9/2022 6:54:24,145,5/9/2022 6:54:24,NL,37,2,7,2252,4,3,5,4,7,6,9,8,8,8,8,8,3,4,2,4,5,5,5,5
4,5/9/2022 6:56:22,5/9/2022 7:00:15,232,5/9/2022 7:00:16,NL,40,2,5,8921,4,4,5,3,10,10,10,10,8,10,10,10,4,5,3,5,4,4,5,5
4,5/9/2022 7:02:09,5/9/2022 7:04:32,143,5/9/2022 7:04:34,NL,42,2,7,8935,3,4,4,2,9,9,10,10,9,9,9,9,4,3,2,5,4,4,3,5
4,5/9/2022 7:39:53,5/9/2022 7:44:12,258,5/9/2022 7:44:13,NL,44,2,7,3051,4,4,5,4,9,9,9,10,9,10,8,10,5,5,3,5,5,5,3,5
4,5/9/2022 7:53:19,5/9/2022 7:55:41,141,5/9/2022 7:55:43,NL,48,2,8,3059,4,4,4,3,7,7,7,7,8,8,7,9,4,4,2,4,4,4,4,5
4,5/9/2022 7:54:15,5/9/2022 7:57:17,181,5/9/2022 7:57:18,NL,74,1,5,8441,3,4,4,3,7,7,7,7,7,7,7,8,3,4,2,5,3,4,6,4
4,5/9/2022 8:32:01,5/9/2022 8:36:13,252,5/9/2022 8:36:14,NL,39,2,5,8731,3,4,3,2,8,8,8,8,7,8,8,8,3,4,3,5,3,4,3,5
4,5/9/2022 8:44:41,5/9/2022 8:47:02,141,5/9/2022 8:47:04,NL,37,2,7,8935,4,4,4,3,9,8,8,9,8,9,8,9,2,4,1,5,4,4,4,5
4,5/9/2022 9:09:14,5/9/2022 9:11:38,143,5/9/2022 9:11:39,NL,35,2,5,8494,4,4,5,4,10,10,10,10,10,10,10,10,5,5,1,5,5,5,5,5
4,5/9/2022 9:27:33,5/9/2022 9:31:12,219,5/9/2022 9:31:14,NL,69,1,5,8802,4,4,5,3,10,10,10,10,10,10,10,10,4,4,1,5,5,4,4,5
4,5/9/2022 10:15:38,5/9/2022 10:17:59,141,5/9/2022 10:18:01,NL,37,2,5,9043,3,3,3,2,8,8,8,8,8,8,7,7,3,4,1,3,3,4,3,4
4,5/9/2022 10:23:07,5/9/2022 10:25:41,153,5/9/2022 10:25:42,NL,34,2,7,8927,5,5,5,5,10,10,10,10,7,10,10,10,5,5,1,5,5,5,5,5
4,5/9/2022 10:30:37,5/9/2022 10:34:11,214,5/9/2022 10:34:13,NL,42,2,5,8882,2,3,3,3,7,7,7,7,6,7,7,8,4,3,4,4,4,3,6,4
4,5/9/2022 10:44:46,5/9/2022 10:47:09,143,5/9/2022 10:47:11,NL,35,2,9,9076,3,4,4,3,10,9,8,9,9,10,10,10,4,3,4,5,5,5,5,5
4,5/9/2022 10:48:05,5/9/2022 10:50:49,164,5/9/2022 10:50:49,NL,36,2,9,8464,4,5,5,3,8,8,9,8,9,9,10,10,5,5,3,5,5,5,5,5
4,5/9/2022 10:57:48,5/9/2022 10:59:55,127,5/9/2022 10:59:56,NL,47,2,3,8802,4,4,4,4,10,10,10,10,8,8,8,10,5,5,5,5,5,5,5,5
4,5/9/2022 11:23:47,5/9/2022 11:25:56,129,5/9/2022 11:25:58,NL,40,2,7,7322,4,4,5,4,10,9,9,10,8,7,8,9,5,5,1,5,5,5,6,5
4,5/9/2022 12:10:13,5/9/2022 12:12:58,164,5/9/2022 12:12:59,NL,51,2,4,8601,2,5,4,4,8,9,9,10,7,8,5,10,3,3,1,5,4,3,3,5
4,5/9/2022 7:34:40,5/9/2022 12:23:46,17346,5/9/2022 12:23:47,NL,42,2,9,1541,5,5,5,4,10,10,10,10,10,10,10,10,5,5,3,5,5,5,6,5
4,5/9/2022 12:23:58,5/9/2022 12:27:00,181,5/9/2022 12:27:00,NL,44,1,5,9251,3,4,4,4,9,9,9,9,9,9,8,9,3,4,2,5,4,4,3,5
4,5/9/2022 13:12:25,5/9/2022 13:16:12,227,5/9/2022 13:16:14,NL,35,2,7,9751,4,4,4,4,8,8,8,8,8,8,8,8,3,3,2,5,3,2,2,5
4,5/9/2022 13:18:42,5/9/2022 13:21:49,187,5/9/2022 13:21:51,NL,40,2,5,8801,3,4,5,4,9,8,8,8,8,8,4,9,4,4,4,5,4,4,3,5
4,5/9/2022 16:01:29,5/9/2022 16:04:33,183,5/9/2022 16:04:34,NL,38,1,5,9083,3,4,4,2,5,4,6,4,3,4,4,3,3,3,3,2,4,2,3,3
4,5/10/2022 3:49:55,5/10/2022 3:54:03,248,5/10/2022 3:54:05,NL,47,2,5,8608,3,3,5,5,8,9,9,9,8,9,9,9,4,4,1,5,4,4,4,5
4,5/10/2022 10:15:44,5/10/2022 10:18:29,164,5/10/2022 10:18:30,NL,41,2,7,8913,3,4,3,2,9,9,9,9,9,9,9,9,4,5,5,5,4,4,4,5
4,5/10/2022 14:21:17,5/10/2022 14:25:34,256,5/10/2022 14:25:35,NL,63,2,9,8802,2,2,3,3,10,10,10,10,10,10,7,10,4,5,5,5,5,5,5,5
4,5/11/2022 0:58:24,5/11/2022 1:00:55,150,5/11/2022 1:00:56,NL,40,2,9,8604,3,3,3,2,8,8,8,10,9,9,8,10,4,4,4,5,5,5,5,5
4,5/12/2022 3:26:04,5/12/2022 3:28:56,172,5/12/2022 3:28:57,NL,44,2,9,8801,3,3,4,2,10,10,10,10,10,10,10,10,5,4,4,5,5,5,5,5
4,5/24/2022 2:37:22,5/24/2022 2:40:19,176,5/24/2022 2:40:19,NL,46,2,5,8923,3,5,5,4,10,10,10,10,9,10,10,10,4,5,2,5,4,5,3,5
4,5/24/2022 2:38:01,5/24/2022 2:40:32,151,5/24/2022 2:40:32,NL,35,2,7,9408,4,4,4,4,9,9,9,10,9,10,9,9,3,4,1,5,4,5,6,5
4,5/24/2022 2:44:06,5/24/2022 2:47:13,186,5/24/2022 2:47:13,NL,26,1,7,2313,5,5,5,5,8,7,4,10,6,7,7,6,1,4,1,4, , , , 
4,5/24/2022 2:44:43,5/24/2022 2:50:23,339,5/24/2022 2:50:23,NL,42,2,5,9164,3,4,4,3,8,8,8,7,8,8,7,7,4,4,3,4,4,4,3,4
4,5/24/2022 2:51:04,5/24/2022 2:53:52,167,5/24/2022 2:53:53,NL,43,2,9,8409,3,3,3,1,8,8,8,8,8,8,8,8,4,3,3,4,4,4,3,5
4,5/24/2022 2:48:33,5/24/2022 2:54:02,329,5/24/2022 2:54:03,NL,31,2,4,0,3,5,3,3,4,4,5,4,4,4,4,4,2,1,1,2,3,4,2,4
4,5/24/2022 2:56:03,5/24/2022 2:59:00,177,5/24/2022 2:59:02,NL,48,2,5,1030,3,4,5,3,8,8,8,9,7,7,7,7,3,4,1,5,4,4,4,4
4,5/24/2022 3:18:20,5/24/2022 3:21:51,210,5/24/2022 3:21:52,NL,71,2,5,8491,2,2,4,2,7,7,7,7,7,7,7,7,4,4,4,5,3,3,3,5
4,5/24/2022 3:38:49,5/24/2022 3:40:50,121,5/24/2022 3:40:51,NL,41,2,5,8854,3,3,3,3,9,7,7,7,9,9,9,8,2,3,3,3,4,4,4,4
4,5/24/2022 3:25:00,5/24/2022 3:44:55,1194,5/24/2022 3:44:57,NL,72,2,4,9682,4,5,5,4,8,9,10,10,8,9,8,10,3,4,1,5,5,4,3,5
4,5/24/2022 4:02:30,5/24/2022 4:04:27,116,5/24/2022 4:04:28,NL,40,2,9,8915,4,5,5,4,10,9,9,10,8,10,10,10,4,5,3,5,5,5,5,5
4,5/24/2022 4:17:43,5/24/2022 4:20:55,191,5/24/2022 4:20:56,NL,49,1,5,9285,3,3,4,4,10,9,8,10,9,9,9,10,4,4,3,4, , , , 
4,5/24/2022 4:25:18,5/24/2022 4:33:03,465,5/24/2022 4:33:05,NL,73,2,4,9727,3,5,5,3,10,10,10,10,8,10,8,8,4,5,1,5,5,5,5,5
4,5/24/2022 4:31:24,5/24/2022 4:41:55,631,5/24/2022 4:41:55,NL,38,2,7,8043,4,4,5,4,10,9,10,10,8,10,9,10,4,5,3,5,5,5,4,5
4,5/24/2022 4:38:22,5/24/2022 4:43:41,319,5/24/2022 4:43:42,NL,45,2,9,8862,2,4,4,1,10,10,10,10,10,10,10,10,4,4,3,5,4,4,4,5
4,5/24/2022 5:01:23,5/24/2022 5:04:23,180,5/24/2022 5:04:24,NL,32,2,7,9207,3,5,5,5,10,10,10,10,10,10,10,10,5,5,3,5,5,5,6,5
4,5/24/2022 7:03:33,5/24/2022 7:07:32,238,5/24/2022 7:07:34,NL,56,2,9,9074,3,4,5,2,9,10,10,10,9,10,9,10,4,3,3,5,5,5,4,5
4,5/24/2022 8:11:02,5/24/2022 8:13:09,127,5/24/2022 8:13:09,NL,38,1,5,8801,5,4,4,4,8,7,7,7,7,7,7,7,3,3,3,4,3,4,3,4
4,5/24/2022 8:28:51,5/24/2022 8:35:04,372,5/24/2022 8:35:04,NL,37,1,9,9203,4,4,4,4,10,9,9,10,8,9,7,8,4,5,4,5,5,5,4,5
4,5/24/2022 8:31:48,5/24/2022 8:36:48,299,5/24/2022 8:36:48,NL,46,2,7,7944,3,4,5,4,9,9,9,9,8,8,8,8,3,4,2,5,3,4,2,5
4,5/24/2022 9:42:02,5/24/2022 9:48:08,365,5/24/2022 9:48:09,NL,38,2,5,9103,3,2,4,3,7,7,7,7,6,6,3,7,3,2,3,4,3,2,2,3
4,5/24/2022 11:11:01,5/24/2022 11:17:22,380,5/24/2022 11:17:24,NL,76,1,9,8935,3,4,3,2,8,9,8,9,8,9,7,8,3,3,2,5,3,2,2,4
4,5/24/2022 11:01:51,5/24/2022 11:34:56,1985,5/24/2022 11:34:57,NL,32,2,5,8801,3,5,4,4,8,7,7,8,8,9,8,10,4,3,3,5,4,4,4,5
4,5/24/2022 12:18:28,5/24/2022 12:28:14,586,5/24/2022 12:28:15,NL,36,2,5,7823,3,4,4,2,7,7,7,7,7,8,6,9,4,4,3,5,4,4,4,5
4,5/24/2022 13:11:28,5/24/2022 13:16:02,273,5/24/2022 13:16:02,NL,51,2,5,8843,4,4,4,3,8,8,7,8,7,7,8,8,4,4,3,5,5,4,4,4
4,5/24/2022 13:45:01,5/24/2022 13:47:42,160,5/24/2022 13:47:43,NL,41,2,7,7437,4,4,4,3,8,8,7,7,7,7,6,8,2,3,1,4,3,3,3,4
4,5/24/2022 14:29:13,5/24/2022 14:32:25,191,5/24/2022 14:32:26,NL,32,2,9,8926,4,4,4,3,9,1,1,1,6,10,9,10,5,5,5,5,5,5,5,5
4,5/24/2022 23:45:59,5/24/2022 23:47:21,81,5/24/2022 23:47:23,NL,56,1,7,1017,5,4,5,3,10,10,10,10,10,10,10,10,4,4,4,5,5,5,5,5
4,5/24/2022 23:49:37,5/24/2022 23:51:39,121,5/24/2022 23:51:39,NL,63,2,5,9044,4,3,4,3,10,10,10,10,10,10,10,10,5,5,5,5,5,5,5,5
4,5/25/2022 1:15:06,5/25/2022 1:17:42,156,5/25/2022 1:17:44,NL,44,2,5,9204,2,3,2,2,8,8,8,8,8,8,8,8,3,3,2,4,3,3,3,4
4,5/25/2022 1:52:57,5/25/2022 1:55:48,170,5/25/2022 1:55:49,NL,41,1,5,9751,2,5,4,3,8,8,9,8,9,9,7,10,5,5,3,5,4,4,4,5
4,5/25/2022 3:05:04,5/25/2022 3:08:09,185,5/25/2022 3:08:10,NL,59,2,5,1187,3,3,3,3,9,8,8,8,7,10,8,9,3,3,3,5, , , , 
4,5/25/2022 5:00:31,5/25/2022 5:03:26,174,5/25/2022 5:03:28,NL,38,2,5,9036,2,4,3,2,5,7,6,6,6,6,6,6,3,3,1,4,3,4,3,5
4,5/25/2022 5:23:19,5/25/2022 5:26:28,188,5/25/2022 5:26:30,NL,67,2,5,8801,4,5,5,5,10,10,10,10,10,10,10,10,4,4,1,5, , , , 
4,5/25/2022 10:24:19,5/25/2022 10:26:51,152,5/25/2022 10:26:53,NL,63,1,9,8805,2,3,4,2,8,8,8,9,9,9,6,9,3,3,3,4, , , , 
4,5/25/2022 23:30:07,5/25/2022 23:33:38,211,5/25/2022 23:33:39,NL,44,2,5,8801,3,3,4,2,9,7,10,10,7,8,7,8,5,5,3,5,5,5,4,5
4,5/26/2022 14:27:05,5/26/2022 14:29:01,116,5/26/2022 14:29:03,NL,63,1,5,8808,4,4,3,3,8,8,8,8,9,9,8,8,3,3,3,4,3,3,3,4
4,5/26/2022 23:08:10,5/26/2022 23:13:14,304,5/26/2022 23:13:16,NL,52,1,7,8802,2,2,2,2,10,10,10,10,10,10,10,10,5,5,3,5,4,5,4,5
4,5/27/2022 1:38:17,5/27/2022 1:42:10,232,5/27/2022 1:42:12,NL,39,1,5,8802,3,5,4,4,9,8,8,8,9,9,9,9,4,4,4,4,5,4,4,4
4,5/27/2022 3:02:39,5/27/2022 3:05:23,163,5/27/2022 3:05:25,NL,49,2,5,9711,2,4,5,2,10,9,7,10,9,10,8,10,3,2,1,4, , , , 
4,5/27/2022 7:36:49,5/27/2022 7:41:50,301,5/27/2022 7:41:52,NL,43,2,7,2265,5,4,4,4,10,8,8,10,8,10,9,9,4,3,4,4,4,5,3,5
4,6/2/2022 1:51:37,6/2/2022 1:54:26,169,6/2/2022 1:54:27,NL,48,2,7,1963,2,5,3,5,10,10,10,10,10,10,10,10,5,5,1,5,5,5,5,5
5,5/22/2022 4:55:07,5/22/2022 5:09:07,840,5/22/2022 5:09:09,NL,16,1, , ,5,5,5,5,7,6,9,7,4,5,6,9,3,4,2,4, , , , 
5,5/22/2022 5:24:52,5/22/2022 5:33:59,547,5/22/2022 5:34:01,NL,14,2, , ,4,4,3,4,8,8,7,8,7,7,6,7,4,4,1,3, , , , 
5,5/22/2022 4:44:11,5/22/2022 4:54:46,635,5/22/2022 4:54:48,NL,13,2, , ,5,5,5,5,8,8,8,8,9,8,9,10,4,5,3,4, , , , 
5,5/22/2022 4:44:06,5/22/2022 4:54:58,651,5/22/2022 4:54:59,NL,13,2, , ,5,5,4,5,8,8,7,9,8,7,9,8,4,5,3,5, , , , 
5,5/22/2022 4:27:37,5/22/2022 5:06:59,2361,5/22/2022 5:06:59,NL,13,1, , ,4,4,4,4,8,8,9,10,9,9,9,9,4,4,4,4, , , , 
5,5/22/2022 7:08:10,5/22/2022 7:15:06,416,5/22/2022 7:15:07,NL,13,2, , ,2,3,2,5,6,5,3,6,4,7,7,6,4,3,2,3, , , , 
5,5/22/2022 4:34:17,5/22/2022 4:42:59,522,5/22/2022 4:43:00,NL,12,1, , ,3,4,2,3,7,8,7,7,8,7,9,9,3,3,2,3, , , , 
5,5/22/2022 6:13:04,5/22/2022 6:23:22,618,5/22/2022 6:23:23,NL,12,2, , ,4,4,4,5,8,9,10,10,9,9,8,8,4,4,3,4, , , , 
5,5/20/2022 6:38:32,5/22/2022 4:11:22,163969,5/22/2022 4:11:23,NL,11,2, , ,5,5,5,5,10,10,10,10,10,10,10,10,5,5,5,5, , , , 
5,5/22/2022 4:23:15,5/22/2022 4:33:39,624,5/22/2022 4:33:41,NL,11,2, , ,3,5,4,4,9,9,10,10,9,10,10,10,5,4,4,4, , , , 
5,5/22/2022 4:55:03,5/22/2022 5:04:54,590,5/22/2022 5:04:54,NL,11,2, , ,4,5,4,4,9,10,10,10,10,8,8,10,4,5,4,5, , , , 
5,5/22/2022 6:00:09,5/22/2022 6:10:15,606,5/22/2022 6:10:17,NL,11,1, , ,4,4,5,3,10,6,8,10,10,10,6,8,5,3,3,4, , , , 
5,5/22/2022 6:27:21,5/22/2022 6:41:56,874,5/22/2022 6:41:57,NL,11,1, , ,5,5,5,5,10,10,10,10,10,10,10,10,4,5,1,5, , , , 
5,5/22/2022 7:07:46,5/22/2022 7:14:37,410,5/22/2022 7:14:39,NL,11,1, , ,4,4,4,5,7,7,8,8,7,7,6,7,4,4,2,4, , , , 
5,5/22/2022 7:15:35,5/22/2022 7:31:12,936,5/22/2022 7:31:14,NL,11,2, , ,4,4,4,4,10,10,10,10,10,10,6,10,4,4,4,4, , , , 
5,5/22/2022 5:09:25,5/22/2022 5:17:57,511,5/22/2022 5:17:58,NL,10,1, , ,4,4,3,3,8,7,8,8,6,7,7,8,4,4,4,4, , , , 
5,5/22/2022 5:49:43,5/22/2022 6:01:11,688,5/22/2022 6:01:12,NL,10,1, , ,3,3,4,4,8,6,5,9,6,6,6,8,4,3,4,3, , , , 
5,5/22/2022 6:16:15,5/22/2022 6:23:14,419,5/22/2022 6:23:14,NL,10,1, , ,4,3,2,4,7,6,7,9,7,7,5,6,3,3,4,4, , , , 
5,5/22/2022 6:18:10,5/22/2022 6:27:00,529,5/22/2022 6:27:00,NL,10,2, , ,4,5,4,5,9,8,10,9,7,8,7,8,4,4,2,5, , , , 
5,5/22/2022 6:42:37,5/22/2022 6:56:43,845,5/22/2022 6:56:43,NL,10,2, , ,3,4,4,4,10,10,10,10,10,10,10,10,3,4,4,4, , , , 
5,5/22/2022 6:47:48,5/22/2022 7:05:28,1060,5/22/2022 7:05:30,NL,10,2, , ,3,5,4,3,10,10,10,9,10,9,7,10,4,5,3,5, , , , 
5,5/22/2022 5:27:34,5/22/2022 7:16:25,6530,5/22/2022 7:16:25,NL,10,2, , ,3,4,3,3,10,10,9,10,10,6,1,6,4,3,3,4, , , , 
5,5/22/2022 7:16:37,5/22/2022 7:23:29,412,5/22/2022 7:23:30,NL,10,2, , ,3,3,2,4,6,5,5,6,6,6,4,6,4,4,4,3, , , , 
5,5/22/2022 7:32:43,5/22/2022 7:42:37,594,5/22/2022 7:42:37,NL,10,2, , ,5,4,4,3,9,10,10,10,9,8,9,9,4,4,4,4, , , , 
5,5/22/2022 4:24:04,5/22/2022 4:30:59,414,5/22/2022 4:31:00,NL,9,1, , ,5,5,4,4,10,10,10,10,10,10,10,10,5,5,5,5, , , , 
5,5/22/2022 4:29:49,5/22/2022 4:44:03,853,5/22/2022 4:44:03,NL,9,1, , ,4,4,2,2,10,10,8,10,9,10,7,10,2,4,4,4, , , , 
5,5/22/2022 5:34:35,5/22/2022 5:45:58,682,5/22/2022 5:45:58,NL,9,1, , ,4,4,4,5,8,10,9,10,9,8,2,9,4,5,3,4, , , , 
5,5/22/2022 6:23:04,5/22/2022 6:33:44,639,5/22/2022 6:33:44,NL,9,2, , ,5,4,3,4,8,8,7,8,8,7,9,7,4,5,3,5, , , , 
5,5/22/2022 6:39:48,5/22/2022 6:47:42,473,5/22/2022 6:47:42,NL,9,2, , ,5,5,5,5,10,8,10,10,8,7,7,10,4,5,2,5, , , , 
5,5/22/2022 6:57:11,5/22/2022 7:05:33,502,5/22/2022 7:05:33,NL,9,2, , ,3,5,4,3,10,10,10,10,10,10,10,10,4,5,5,5, , , , 
5,5/22/2022 6:56:53,5/22/2022 7:13:35,1001,5/22/2022 7:13:36,NL,9,2, , ,3,5,5,5,9,7,8,10,8,9,6,8,5,4,4,4, , , , 
5,5/22/2022 7:23:37,5/22/2022 7:32:20,523,5/22/2022 7:32:22,NL,9,2, , ,4,4,4,5,7,7,10,9,8,10,10,9,4,5,1,5, , , , 
5,5/22/2022 7:36:38,5/22/2022 7:42:14,335,5/22/2022 7:42:15,NL,9,1, , ,4,4,4,4,10,10,10,10,10,10,10,10,4,4,4,4, , , , 
5,5/22/2022 7:43:20,5/22/2022 7:57:24,843,5/22/2022 7:57:26,NL,9,1, , ,1,2,3,4,10,6,10,10,6,7,5,10,2,4,3,2, , , , 
5,5/20/2022 6:46:45,5/22/2022 4:18:36,163911,5/22/2022 4:18:36,NL,8,1, , ,4,5,5,5,10,10,10,10,10,10,10,9,2,5,3,5, , , , 
5,5/22/2022 5:19:23,5/22/2022 5:26:56,453,5/22/2022 5:26:58,NL,8,2, , ,3,3,4,5,10,9,10,10,10,9,10,7,4,2,3,5, , , , 
5,5/22/2022 5:33:25,5/22/2022 5:44:29,663,5/22/2022 5:44:29,NL,8,1, , ,4,4,5,4,10,10,10,10,6,10,7,10,3,5,5,5, , , , 
5,5/22/2022 5:59:26,5/22/2022 6:10:29,662,5/22/2022 6:10:31,NL,8,2, , ,3,4,2,5,10,6,10,8,8,10,6,10,4,5,4,3, , , , 
5,5/22/2022 6:20:44,5/22/2022 6:22:54,129,5/22/2022 6:22:54,NL,8,1, , ,5,4,3,5,9,8,9,8,6,6,6,6,4,4,5,3, , , , 
5,5/22/2022 6:23:38,5/22/2022 6:38:26,888,5/22/2022 6:38:28,NL,8,2, , ,3,4,4,5,10,10,10,10,10,10,7,10,3,5,3,3, , , , 
5,5/22/2022 6:33:53,5/22/2022 6:42:29,515,5/22/2022 6:42:35,NL,8,2, , ,3,4,4,5,8,7,10,10,7,9,6,10,4,5,4,4, , , , 
5,5/22/2022 5:20:28,5/22/2022 5:24:47,259,5/22/2022 5:24:47,NL,7,1, , ,4,4,5,5,8,8,9,10,8,9,10,10,4,4,2,5, , , , 
5,5/22/2022 5:46:23,5/22/2022 5:59:57,813,5/22/2022 5:59:57,NL,7,2, , ,5,4,5,5,10,10,10,10,10,10,10,10,5,5,5,5, , , , 
5,5/22/2022 6:39:04,5/22/2022 6:46:11,426,5/22/2022 6:46:11,NL,7,1, , ,4,4,4,3,10,10,10,10,5,10,2,10,4,4,2,4, , , , 
5,5/20/2022 6:44:33,5/22/2022 4:21:41,164227,5/22/2022 4:21:42,NL,6,2, , ,3,5,4,4,10,9,10,10,7,9,10,8,5,4,4,5, , , , 
5,5/20/2022 6:47:58,5/22/2022 4:29:46,164507,5/22/2022 4:29:46,NL,6,2, , ,3,3,4,5,10,10,10,10,10,5,10,10,5,4,2,5, , , , 
5,5/22/2022 4:20:53,5/22/2022 4:36:54,960,5/22/2022 4:36:56,NL,6,2, , ,2,5,5,5,10,10,10,10,10,6,10,10,4,4,2,4, , , , 
5,5/22/2022 5:27:44,5/22/2022 5:37:02,557,5/22/2022 5:37:04,NL,6,1, , ,5,5,5,4,9,9,9,9,8,8,8,8,4,3,4,4, , , , 
5,5/20/2022 6:43:46,5/22/2022 5:45:54,169327,5/22/2022 5:45:55,NL,6,1, , ,5,4,5,4,7,6,10,10,7,8,5,8,3,4,3,5, , , , 
5,5/22/2022 5:44:56,5/22/2022 5:46:31,95,5/22/2022 5:46:33,NL,6,2, , ,4,4,4,4,8,8,10,9,8,10,1,9,5,4,4,5, , , , 
5,5/22/2022 6:47:07,5/22/2022 6:56:34,566,5/22/2022 6:56:35,NL,6,1, , ,3,4,5,5,9,8,10,9,9,9,10,10,5,4,3,4, , , , 
5,5/22/2022 7:54:28,5/22/2022 8:00:34,365,5/22/2022 8:00:34,NL,6,2, , ,5,5,4,5,10,10,10,10,10,10,10,10,5,5,5,4, , , , 
5,5/22/2022 7:55:28,5/22/2022 8:00:59,330,5/22/2022 8:01:00,NL,6,2, , ,5,5,5,5,9,9,9,9,9,9,9,9,5,5,5,5, , , , 
5,5/22/2022 4:11:33,5/22/2022 4:24:59,806,5/22/2022 4:24:59,NL,5,1, , ,3,5,5,5,8,7,9,5,6,8,8,9,3,4,3,4, , , , 
5,5/22/2022 8:00:49,5/22/2022 8:05:41,291,5/22/2022 8:05:42,NL,5,1, , ,5,5,5,5,10,10,10,10,10,10,10,10,5,2,3,5, , , , 
5,5/22/2022 5:18:02,5/22/2022 5:27:26,564,5/22/2022 5:27:26,NL,4,2, , ,3,4,1,5,8,8,9,9,7,9,9,8,4,4,3,4, , , , 
5,5/22/2022 5:07:09,5/22/2022 5:27:38,1229,5/22/2022 5:27:38,NL,4,2, , ,5,5,5,5,10,10,10,7,7,10,1,10,5,5,5,5, , , , 
5,5/22/2022 4:25:16,5/22/2022 4:27:31,135,5/22/2022 4:27:33,NL,3,2, , ,4,4,3,4,9,8,8,9,9,8,9,8,4,4,4,4, , , , 
5,5/22/2022 5:37:09,5/22/2022 5:43:43,393,5/22/2022 5:43:43,NL,3,2, , ,4,4,4,4,9,9,9,9,8,9,9,9,4,4,4,4, , , , 
5,5/22/2022 7:42:43,5/22/2022 7:46:32,228,5/22/2022 7:46:32,NL, ,1, , ,4,5,5,5,1,4,8,1,8,7,3,7,2,5,1,5, , , , 
6,5/23/2022 9:15:05,5/23/2022 9:43:36,1710,5/23/2022 9:43:38,NL,44,2,5,2518,4,5,4,5,10,10,10,10,10,10,10,10,5,5,5,5,1,1,1,5
6,5/24/2022 6:27:25,5/24/2022 6:30:04,159,5/24/2022 6:30:04,NL,31,2,7,2408,2,4,3,4,7,6,6,7,7,6,5,7,3,2,1,5,3,2,6,5
6,5/24/2022 6:33:23,5/24/2022 6:37:46,263,5/24/2022 6:37:47,NL,71,1,7,2331,4,4,4,5,8,8,7,9,8,9,8,8,3,4,3,4,4,4,3,4
6,5/24/2022 6:35:45,5/24/2022 6:38:41,175,5/24/2022 6:38:42,NL,21,2,8,3028,5,5,4,4,8,7,7,7,5,6,6,6,1,2,1,3,5,5,3,5
6,5/24/2022 6:41:46,5/24/2022 6:47:10,323,5/24/2022 6:47:11,NL,50,1,7,3072,4,4,4,3,9,9,9,9,9,10,9,9,3,4,3,5,5,5,5,5
6,5/24/2022 6:46:07,5/24/2022 6:49:59,231,5/24/2022 6:49:59,NL,32,2,5,2403,5,5,5,5,8,6,8,9,8,9,7,9,3,5,1,5,5,4,4,5
6,5/24/2022 7:00:06,5/24/2022 7:04:18,252,5/24/2022 7:04:20,NL,69,1,7,2162,4,4,4,4,8,8,8,8,8,8,8,8,4,4,2,5, , , , 
6,5/24/2022 7:02:41,5/24/2022 7:06:46,244,5/24/2022 7:06:46,NL,31,1,7,2163,4,4,4,3,10,10,10,10,10,10,10,10,2,1,1,5,4,4,4,5
6,5/24/2022 7:03:09,5/24/2022 7:07:02,233,5/24/2022 7:07:04,NL,45,2,7,2353,4,5,5,4,10,10,10,10,10,10,7,10,4,5,3,5,5,5,3,5
6,5/24/2022 7:04:49,5/24/2022 7:08:41,231,5/24/2022 7:08:41,NL,26,1,9,2592,5,5,5,5,10,8,9,10,8,10,9,10,4,4,3,5, , , , 
6,5/24/2022 7:41:57,5/24/2022 7:45:55,237,5/24/2022 7:45:57,NL,39,1,9,2402,3,3,3,3,8,8,8,9,8,8,8,9,4,4,4,5,5,5,5,5
6,5/24/2022 7:42:10,5/24/2022 7:46:03,233,5/24/2022 7:46:04,NL,40,2,7,2342,5,5,4,5,10,10,10,10,10,10,10,10,5,5,5,5,5,5,5,5
6,5/24/2022 7:38:37,5/24/2022 7:46:18,461,5/24/2022 7:46:20,NL,69,1,7,2331,5,5,5,5,10,10,10,10,7,10,10,10,3,3,1,5,5,5,3,5
6,5/24/2022 6:59:21,5/24/2022 7:48:37,2955,5/24/2022 7:48:37,NL,51,1,9,2592,4,5,5,5,9,8,9,10,8,7,9,10,4,4,2,5,5,5,4,5
6,5/24/2022 7:54:15,5/24/2022 7:59:00,285,5/24/2022 7:59:02,NL,20,1,8,2333,4,4,5,3,3,3,5,3,3,3,3,5,4,4,3,3, , , , 
6,5/24/2022 8:32:32,5/24/2022 8:49:30,1018,5/24/2022 8:49:32,NL,39,2,7,1391,4,4,5,5,10,10,9,10,8,8,9,10,4,4,1,5,5,5,3,5
6,5/24/2022 9:02:15,5/24/2022 9:06:04,229,5/24/2022 9:06:07,NL,44,1,5,2332,3,3,4,2,8,8,7,7,8,8,8,8,4,4,4,5,5,4,4,5
6,5/24/2022 9:02:32,5/24/2022 9:11:58,565,5/24/2022 9:12:00,NL,22,2,7,2728,5,5,5,5,8,8,6,3,2,4,4,4,3,3,3,1,3,3,2,1
6,5/24/2022 9:12:37,5/24/2022 9:15:18,161,5/24/2022 9:15:20,NL,51,1,7,2906,4,4,4,4,9,9,10,10,9,9,9,9,4,4,1,5,5,4,1,5
6,5/24/2022 10:09:55,5/24/2022 10:12:57,181,5/24/2022 10:12:57,NL,41,2,7,2408,4,4,3,5,8,8,6,8,7,7,7,8,4,3,3,5,4,4,4,5
6,5/24/2022 10:19:55,5/24/2022 10:21:19,83,5/24/2022 10:21:19,NL,26,2,5,2382,3,4,4,2,8,8,8,8,8,10,9,9,4,4,3,3, , , , 
6,5/24/2022 10:42:23,5/24/2022 10:45:13,170,5/24/2022 10:45:14,NL,36,3,7,2382,3,4,4,5,8,7,7,6,7,6,7,6,2,2,1,5,5,2,3,5
6,5/24/2022 11:11:04,5/24/2022 11:16:33,328,5/24/2022 11:16:33,NL,36,2,5,3068,2,3,4,3,7,7,8,9,7,7,6,8,3,3,3,5,4,3,3,5
6,5/24/2022 11:50:50,5/24/2022 11:53:10,140,5/24/2022 11:53:12,NL,42,2,5,2661,4,5,4,4,8,8,8,8,8,8,8,8,4,4,2,5,4,4,4,5
6,5/24/2022 11:50:31,5/24/2022 11:55:02,270,5/24/2022 11:55:02,NL,55,2,9,2241,2,3,4,2,8,9,8,9,7,8,5,8,4,4,3,4, , , , 
6,5/24/2022 11:50:05,5/24/2022 11:56:54,408,5/24/2022 11:56:54,NL,44,2,7,3062,5,5,5,2,10,10,10,10,10,10,10,10,3,5,3,5,5,5,5,5
6,5/24/2022 12:00:45,5/24/2022 12:03:53,188,5/24/2022 12:03:54,NL,47,2,7,2314,5,5,5,5,8,8,8,8,7,7,7,7,5,4,3,5,4,4,4,5
6,5/24/2022 12:02:12,5/24/2022 12:06:33,260,5/24/2022 12:06:34,NL,23,2,7,3584,3,5,4,3,10,8,7,9,7,7,8,10,2,4,1,4, , , , 
6,5/24/2022 12:32:41,5/24/2022 12:40:22,460,5/24/2022 12:40:22,NL,50,2,7,2352,3,4,4,3,7,7,7,7,7,7,6,7,4,3,2,5,4,4,3,5
6,5/24/2022 13:06:54,5/24/2022 13:10:38,223,5/24/2022 13:10:39,NL,50,1,7,2171,5,5,5,5,8,10,7,8,7,7,6,8,3,4,2,5,3,2,4,3
6,5/24/2022 13:20:42,5/24/2022 13:33:31,768,5/24/2022 13:33:32,NL,77,1,5,2343,3,4,5,4,8,8,8,8,8,8,8,8,4,4,4,5,4,4,4,5
6,5/24/2022 13:48:27,5/24/2022 13:52:47,260,5/24/2022 13:52:49,NL,56,1,7,2132,4,4,5,3,8,8,8,8,8,7,6,9,3,3,3,5,4,4,4,5
6,5/24/2022 13:42:43,5/24/2022 14:01:40,1137,5/24/2022 14:01:42,NL,39,2,7,1432,3,5,5,4,8,7,8,8,6,7,4,9,4,3,1,5,3,4,6,5
6,5/24/2022 14:01:30,5/24/2022 14:06:17,287,5/24/2022 14:06:18,NL,51,2,5,4205,3,4,4,4,8,8,8,8,7,7,7,8,2,3,3,4, , , , 
6,5/24/2022 14:00:47,5/24/2022 14:06:34,347,5/24/2022 14:06:35,NL,44,1,7,2555,4,5,5,4,9,9,8,9,8,7,8,9,2,4,2,5,4,4,2,5
6,5/24/2022 14:40:00,5/24/2022 14:43:56,235,5/24/2022 14:43:58,NL,46,2,5,2321,3,5,4,4,8,8,8,10,8,8,8,8,3,5,2,5,5,5,5,5
6,5/24/2022 17:00:51,5/24/2022 17:05:28,277,5/24/2022 17:05:29,NL,38,2,5,2202,3,4,5,4,10,6,8,10,7,10,10,10,5,5,1,5,5,5,5,5
6,5/24/2022 21:41:49,5/24/2022 21:48:04,374,5/24/2022 21:48:05,NL,44,1,7,2341,2,4,5,2,10,7,6,10,8,8,6,9,5,4,4,5,5,4,5,5
6,5/25/2022 0:03:35,5/25/2022 0:09:20,344,5/25/2022 0:09:22,NL,28,1,7,2333,4,5,5,5,9,8,10,10,8,10,10,9,4,5,3,5,6,4,6,5
6,5/25/2022 0:17:50,5/25/2022 0:40:48,1377,5/25/2022 0:40:50,NL,25,2,5,2343,4,5,5,4,8,9,7,10,6,9,8,10,5,3,2,5, , , , 
6,5/25/2022 1:20:53,5/25/2022 1:28:39,465,5/25/2022 1:28:39,NL,24,1,9,2318,4,4,5,5,9,8,9,10,9,9,10,10,5,5,1,5,4,5,5,5
6,5/25/2022 1:43:15,5/25/2022 1:59:08,952,5/25/2022 1:59:10,NL,35,2,5,2341,4,5,5,5,10,8,8,10,7,10,8,10,4,4,2,5,5,4,4,5
6,5/25/2022 6:28:51,5/25/2022 6:49:31,1240,5/25/2022 6:49:33,NL,39,1,5,2342,4,5,5,4,9,10,8,10,7,9,7,8,1,2,1,5,4,5,6,5
6,5/25/2022 9:48:12,5/25/2022 9:56:14,481,5/25/2022 9:56:15,NL,23,2,7,2201,5,5,4,5,7,7,6,8,7,8,7,8,1,2,1,5, , , , 
6,5/24/2022 23:45:05,5/25/2022 12:01:58,44212,5/25/2022 12:01:59,NL,36,2,7,2215,4,4,5,5,9,8,9,9,8,8,7,8,4,4,2,5,5,4,3,5
6,5/25/2022 13:31:21,5/25/2022 13:46:36,914,5/25/2022 13:46:36,NL,41,1,7,2492,4,5,4,5,10,10,10,10,10,8,6,10,3,4,3,5,3,4,3,5
6,5/26/2022 6:26:29,5/26/2022 6:29:45,196,5/26/2022 6:29:47,NL,59,1,7,2587,4,5,4,4,8,8,8,9,7,8,7,9,3,3,1,4,4,4,4,5
6,5/26/2022 12:16:18,5/26/2022 12:20:02,223,5/26/2022 12:20:03,NL,32,1,7,2391,4,5,5,4,9,9,8,8,9,10,8,10,5,4,3,5,4,4,6,5
6,5/26/2022 12:21:41,5/26/2022 12:27:14,333,5/26/2022 12:27:15,NL,76,1,7,2313,4,5,5,4,7,7,8,6,6,7,6,7,4,3,3,4,4,4,4,4
6,5/27/2022 1:22:29,5/27/2022 1:27:24,294,5/27/2022 1:27:24,NL,17,1,10,3135,4,5,5,5,9,7,8,9,8,7,8,9,4,4,2,5, , , , 
6,5/27/2022 3:52:17,5/27/2022 3:55:41,204,5/27/2022 3:55:43,NL,47,1,7,2171,3,5,5,4,9,7,8,9,8,8,8,8,4,3,1,5,5,3,5,5
6,5/27/2022 11:41:03,5/27/2022 11:46:04,301,5/27/2022 11:46:06,NL,56,1,7,5045,5,5,5,3,9,9,9,10,8,8,7,9,1,3,1,5,4,3,6,5
6,5/29/2022 7:49:40,5/29/2022 7:53:07,206,5/29/2022 7:53:07,NL,39,1,8,0,3,5,4,4,7,7,7,8,6,6,5,7,3,4,3,4,4,4,4,4
7,4/26/2022 6:14:50,4/26/2022 6:21:15,385,4/26/2022 6:21:16,NL,72,2,7,1336,5,5,5,4,7,9,8,8,9,8,9,7,4,4,4,4, , , , 
7,4/26/2022 6:33:11,4/26/2022 6:40:49,458,4/26/2022 6:40:49,NL,65,2,8,7234,4,4,5,4,3,5,5,1,1,6,7,5,3,3,3,3, , , , 
7,4/26/2022 6:37:43,4/26/2022 6:52:42,898,4/26/2022 6:52:42,NL,71,1,7,1541,5,5,3,4,7,8,8,8,8,6,6,5,4,5,5,5, , , , 
7,4/26/2022 6:47:11,4/26/2022 6:54:48,456,4/26/2022 6:54:48,NL,49,3,4,1054,5,5,5,5,7,8,8,8,7,6,8,7,5,4,4,2, , , , 
7,4/26/2022 6:50:19,4/26/2022 6:58:36,497,4/26/2022 6:58:37,NL,63,2,8,2242,3,3,3,5,6,9,10,8,9,8,9,2,4,5,4,2, , , , 
7,4/26/2022 6:59:46,4/26/2022 7:05:43,356,4/26/2022 7:05:43,NL,70,2,7,2343,3,3,3,3,6,9,8,7,8,6,6,5,5,4,4,4, , , , 
7,4/26/2022 7:15:59,4/26/2022 7:25:06,546,4/26/2022 7:25:06,NL,60,2,7,8925,3,3,3,4,6,9,9,9,9,7,7,7,4,4,4,5, , , , 
7,4/26/2022 7:27:37,4/26/2022 7:34:23,405,4/26/2022 7:34:23,NL,49,2,7,5046,4,5,5,4,8,10,10,10,10,10,10,10,5,4,4,4, , , , 
7,4/26/2022 7:18:57,4/26/2022 7:40:59,1322,4/26/2022 7:40:59,NL,84,1,8,1218,5,3,3,5,6,9,7,7,8,6,8,6,5,4,3,4, , , , 
7,4/26/2022 7:41:58,4/26/2022 7:46:48,290,4/26/2022 7:46:48,NL,28,2,8,4331,5,5,3,5,8,7,8,7,9,5,6,4,3,5,5,5, , , , 
7,4/26/2022 7:45:30,4/26/2022 7:52:48,437,4/26/2022 7:52:48,NL,48,1,3,7844,5,4,5,3,8,7,8,8,8,7,7,5,2,4,3,3, , , , 
7,4/26/2022 7:39:23,4/26/2022 7:56:34,1030,4/26/2022 7:56:34,NL,63,2,3,7531,3,4,5,4,7,8,7,8,10,9,9,6,5,4,4,4, , , , 
7,4/26/2022 8:09:21,4/26/2022 8:15:50,389,4/26/2022 8:15:51,NL,63,2,7,1742,5,3, ,4,6,6,7,5,7,7,8,7,3,4,4,4, , , , 
7,4/26/2022 8:22:24,4/26/2022 8:25:46,202,4/26/2022 8:25:47,NL,46,2,8,2171,5,3,3,5,6,8,8,8,8,8,8,2,4,4,5,5, , , , 
7,4/26/2022 8:21:57,4/26/2022 8:32:36,639,4/26/2022 8:32:36,NL,67,2,7,2382,5,5,5,4,7,6,6,5,7,5,5,5,2,3,3,3, , , , 
7,4/26/2022 8:23:08,4/26/2022 8:39:51,1002,4/26/2022 8:39:51,NL,76,1,7,5431,4,5,5,4,7,8,6,6,8,6,6,6,3,5,3,4, , , , 
7,4/26/2022 8:36:19,4/26/2022 8:45:26,547,4/26/2022 8:45:26,NL,55,2,7,1016,4,4,5,4,7,8,9,9,8,5,8,5,5,3,3,1, , , , 
7,4/26/2022 8:54:52,4/26/2022 9:01:19,386,4/26/2022 9:01:19,NL,56,2,4,2215,3,4,4,3,3,9,9,1,1,9,1,5,4,4,4,4, , , , 
7,4/26/2022 8:54:26,4/26/2022 9:05:40,674,4/26/2022 9:05:41,NL,68,2,8,6822,5,5,3,4,8,10,7,10,7,8,8,5,5,4,5,4, , , , 
7,4/26/2022 9:54:57,4/26/2022 10:01:28,390,4/26/2022 10:01:29,NL,68,2,7,4731,3,3,3,2,7,8,10,10,10,9,10,7,5,4,2,2, , , , 
7,4/26/2022 12:07:26,4/26/2022 12:15:53,506,4/26/2022 12:15:53,NL,76,2,5,6651,5,5,5,4,8,6,7,7,8,7,8,6,3,4,4,4, , , , 
7,4/26/2022 12:17:21,4/26/2022 12:51:53,2072,4/26/2022 12:51:53,NL,73,1,8,1181,4,5,5,3,8, , , , , , , , ,4,4,3, , , , 
7,4/26/2022 8:46:08,4/26/2022 12:53:28,14839,4/26/2022 12:53:28,NL,61,1,4,1251,4,5,5,4,7,8,8,8,8,7,8,8,2,3,4,3, , , , 
7,4/26/2022 12:48:34,4/26/2022 13:22:57,2062,4/26/2022 13:22:57,NL,54,2,7,3886,3,3,3,5,6,10,10,10,10,8,8,8,5,5,5,3, , , , 
7,4/26/2022 13:13:44,4/26/2022 13:23:11,566,4/26/2022 13:23:11,NL,71,1,7,6883,5,5,5,5,7,10,10,9,10,7,7,5,3,3,3,2, , , , 
7,4/26/2022 21:34:09,4/26/2022 21:45:21,671,4/26/2022 21:45:21,NL,63,1,10,3151,3,3,3, ,6, , , , , , , , , , , , , , , 
7,4/27/2022 2:46:37,4/27/2022 2:56:42,604,4/27/2022 2:56:42,NL,68,1,4,4841,5,3,3,4,6,8,8,8,8,8,8,8,3,4,4,4, , , , 
7,4/27/2022 3:21:11,4/27/2022 3:28:12,420,4/27/2022 3:28:12,NL,68,2,7,1079,3,3,3,5,7,10,10,10,10,10,10,1,5,5,5,5, , , , 
7,4/27/2022 3:25:09,4/27/2022 3:31:47,398,4/27/2022 3:31:47,NL,67,2,8,1014,5,5,3,5,8,8,9,8,9,7,10,2,5,4,5,3, , , , 
7,4/27/2022 11:13:15,4/27/2022 11:21:41,506,4/27/2022 11:21:41,NL,73,1,8,2286,5,3,3,4,6,9,9, , ,8, , ,4,5,5,3, , , , 
7,4/26/2022 12:16:41,4/27/2022 11:58:58,85336,4/27/2022 11:58:58,NL, ,1,3,6031,4,1,3,3,1,8, , ,8, , ,10,4,5,4,3, , , , 
7,4/27/2022 23:05:53,4/27/2022 23:08:42,169,4/27/2022 23:08:42,NL,42,1,8,4882,5,3,3,4,3,6,6,6,5,5,5,3,3,5,5,4, , , , 
7,4/28/2022 0:35:16,4/28/2022 0:43:38,501,4/28/2022 0:43:39,NL,59,3,8,4101,5,5,3,5,8,5,5,5,5,8,7,7,3,2,3,3, , , , 
7,4/28/2022 2:05:37,4/28/2022 2:17:13,695,4/28/2022 2:17:13,NL,65,1,8,2900,5,5,5,3,7, , , , , , , , ,4,3,4, , , , 
7,4/28/2022 2:29:02,4/28/2022 2:36:29,446,4/28/2022 2:36:29,NL,75,2,7,1141,4,3,3,3,8,9,8,9,8,8,10,7,5,5,4,5, , , , 
7,4/28/2022 5:35:32,4/28/2022 5:48:31,778,4/28/2022 5:48:31,NL,64,2,7,1562,4,5,5,4,7,7,6,6,8,7,6,6,3,4,4,4, , , , 
7,4/28/2022 13:53:12,4/28/2022 14:21:49,1717,4/28/2022 14:21:49,NL,77,1,3,1973,5,3,3,4,8,10,8,9,10,9,9,7,5,5,5,5, , , , 
7,4/28/2022 14:39:14,4/28/2022 14:47:47,512,4/28/2022 14:47:47,NL,34,2,8,1561,5,3,3,3,8,8,5,5,8,7,5,5,4,5,4,4, , , , 
7,4/29/2022 0:58:07,4/29/2022 1:07:15,547,4/29/2022 1:07:15,NL,64,2,8, ,4,3,3,4,8,7,7,6,6,7,8,6,2,4,4,4, , , , 
7,4/29/2022 2:47:18,4/29/2022 2:54:06,407,4/29/2022 2:54:06,NL,73,2,7,4005,4,5,3,4,8,8,8,8,8,8,8,7,4,4,4,3, , , , 
7,4/29/2022 3:52:02,4/29/2022 3:56:55,292,4/29/2022 3:56:55,NL,23,2,8,2727,3,3,3,4,6,7,10,9,8,5,7,2,5,4,4,3, , , , 
7,4/29/2022 5:35:35,4/29/2022 5:41:00,325,4/29/2022 5:41:01,NL,60,4,8,2403,5,5,5,3,8,8,1,8,8,7,7,7,3,4,4,4, , , , 
7,4/29/2022 5:59:40,4/29/2022 6:10:24,643,4/29/2022 6:10:24,NL,61,1,6,5216,4,5,3,3,8,9,9,9,9,9,9,7,4,4,4,4, , , , 
7,4/30/2022 0:07:32,4/30/2022 0:12:28,295,4/30/2022 0:12:28,NL,52,1,7,3231,4,4,5,4,8,6, , ,7,6,6,4,2,4,4,4, , , , 
7,5/2/2022 2:01:36,5/2/2022 2:09:35,479,5/2/2022 2:09:36,NL,66,2,7,1509,4,5,5,4,7,9,9,8,9,9,9,4,4,4,4,3, , , , 
7,5/2/2022 2:17:23,5/2/2022 2:25:51,508,5/2/2022 2:25:51,NL,65,2,3,4337,1,3,4,3,3, , , , ,5, , , ,5,4,4, , , , 
7,5/2/2022 2:18:29,5/2/2022 2:29:04,634,5/2/2022 2:29:04,NL,54,2,4,7827,3,3,3,5,6,10,10,1,10,10,10,10,5,4,5,5, , , , 
7,5/2/2022 2:25:27,5/2/2022 2:37:19,712,5/2/2022 2:37:20,NL,54,2,8,7255,5,3,3,4,6,8,9,9,9,9,9,7,4,3,5,4, , , , 
7,5/2/2022 2:40:36,5/2/2022 2:46:11,334,5/2/2022 2:46:12,NL,70,2,7,1825,4,5,5,3,7,5,5,5,7,5,5,5,2,4,4,3, , , , 
7,5/2/2022 3:05:19,5/2/2022 3:11:20,361,5/2/2022 3:11:20,NL,73,2,5,1944,5,5,3,5,8,9,10,9,9,8,8,6,5,5,5,5, , , , 
7,5/2/2022 3:03:11,5/2/2022 3:14:55,703,5/2/2022 3:14:55,NL,68,2,5,3023, ,3, , , , , , , , , , , ,5,5, , , , , 
7,5/2/2022 3:24:00,5/2/2022 3:35:15,674,5/2/2022 3:35:15,NL,62,2,7,6721,4,5,3,4,8,7,8,6,7,6,7,5,1,4,3,4, , , , 
7,5/2/2022 4:07:47,5/2/2022 4:15:23,456,5/2/2022 4:15:24,NL,60,2,6,5438,5,5,5,4,8,7,7,7,7,8,8,5,3,3,4,3, , , , 
7,5/2/2022 4:31:39,5/2/2022 4:35:31,232,5/2/2022 4:35:31,NL,20,2,10,2140,4,5,5,2,3,8,7,7,9,9,6,5,4,4,4,4, , , , 
7,5/2/2022 6:40:14,5/2/2022 6:48:08,474,5/2/2022 6:48:08,NL,63,2,4,2104,4,4,5,5,3,7,8, ,6,6,6,4,2,4,4,4, , , , 
7,5/2/2022 7:11:54,5/2/2022 7:15:50,235,5/2/2022 7:15:50,NL,49,2,7,9718,5,5,5,5,7,7,1,1,1,8,1,4,4,3,3,3, , , , 
7,5/2/2022 7:11:32,5/2/2022 7:16:30,298,5/2/2022 7:16:30,NL,51,2,8,3531,3,3,3,4,6,10,10,7,8,6,7,5,5,3,4,4, , , , 
7,5/2/2022 7:36:41,5/2/2022 7:41:46,305,5/2/2022 7:41:46,NL,49,2,8,5050,5,5,5,3,8,5,5,5,5,5,5,5,5,3,3,3, , , , 
7,5/2/2022 7:57:03,5/2/2022 8:02:42,339,5/2/2022 8:02:43,NL,52,2,7,3059,5,5,3,5,6,8,7,8,8,7,7,2,3,5,5,5, , , , 
7,5/2/2022 10:08:46,5/2/2022 10:15:58,432,5/2/2022 10:15:59,NL,61,2,4,7741,3,5,5,3,3,6,6,6,6,6,6,6,3,4,4,4, , , , 
7,5/2/2022 10:51:38,5/2/2022 11:08:04,985,5/2/2022 11:08:04,NL,76,2,3,9514,3,5,3,4,8,6,7,7,8,7,7,6,2,5,5,3, , , , 
7,5/2/2022 12:02:20,5/2/2022 12:07:53,333,5/2/2022 12:07:53,NL,34,2,7,6039,4,5,5,5,8,8,8,8,9,8,9,9,3,5,5,5, , , , 
7,5/2/2022 12:08:01,5/2/2022 12:12:45,283,5/2/2022 12:12:45,NL,54,2,7,3732,5,5,3,4,8,10,8,10,10,6,8,6,5,5,5,3, , , , 
7,5/2/2022 12:14:32,5/2/2022 12:18:41,249,5/2/2022 12:18:41,NL,23,2,5,2242,1,3,3,2,8,7,8,8,7,6,7,3,3,4,4,4, , , , 
7,5/2/2022 13:11:57,5/2/2022 13:16:43,285,5/2/2022 13:16:43,NL,40,1,7,6534,3,5,5,4,8, , , , , , , , ,4,4,4, , , , 
7,5/2/2022 13:12:08,5/2/2022 13:17:40,331,5/2/2022 13:17:40,NL,71,2,3,3122,3,4,5,3,1,6,6,6,6,6,6,5,2,4,4,4, , , , 
7,5/2/2022 13:19:18,5/2/2022 13:24:15,296,5/2/2022 13:24:15,NL,64,2,7,7553,5,5,5,4,8,6,7,7,8,8,7,6,5,4,4,2, , , , 
7,5/2/2022 13:59:19,5/2/2022 14:07:00,460,5/2/2022 14:07:01,NL,52,2,8,2585,5,5,3,5,8,7,9,5,8,5,6,3,4,5,5,5, , , , 
7,5/2/2022 14:14:28,5/2/2022 14:19:58,329,5/2/2022 14:19:58,NL,58,2,7,2105,4,5,4,3,7,6,8,7,7,7,8,7,4,4,4,4, , , , 
7,5/2/2022 12:14:46,5/2/2022 14:25:05,7819,5/2/2022 14:25:06,NL,52,2,2,2381,5,5,3,5,8,8,9,8,9,8,9,7,4,5,5,5, , , , 
7,5/2/2022 14:25:46,5/2/2022 14:30:17,271,5/2/2022 14:30:17,NL,36,2,8,2547,5,3,3,4,6,8,8,6,8,5,6,3,3,4,4,3, , , , 
7,5/2/2022 15:03:32,5/2/2022 15:09:29,357,5/2/2022 15:09:29,NL,67,2,6,8637,5,5,4,5,7,8,8,8,9,8,8,8,3,5,5,5, , , , 
7,5/2/2022 15:10:22,5/2/2022 15:18:41,499,5/2/2022 15:18:42,NL,65,1,10,9850,5,5,3,3,8,8,8,5,8,8,8,5,4,4,4,3, , , , 
7,5/2/2022 15:38:51,5/2/2022 15:44:53,362,5/2/2022 15:44:53,NL,30,2,5,2521,3,5,3,3,3,6,9,1,7,7,2,2,5,3,2,2, , , , 
7,5/2/2022 20:55:17,5/2/2022 21:10:30,912,5/2/2022 21:10:30,NL,36,1,8,2313,5,3,3,5,8,7,9,7,8,7,8,3,3,5,4,4, , , , 
7,5/2/2022 21:54:12,5/2/2022 22:06:01,709,5/2/2022 22:06:02,NL,50,2,7,1991,5,5,3,5,8,10,10,10,10,10,10,10,5,5,5,5, , , , 
7,5/2/2022 22:35:48,5/2/2022 23:08:14,1946,5/2/2022 23:08:15,NL,65,2,4,3401,4,5,5,4,8,9,8,7,8,8,7,7,4,5,5,4, , , , 
7,5/2/2022 23:09:55,5/2/2022 23:17:43,468,5/2/2022 23:17:44,NL,51,2,7,3892,4,4,5,3,3,6,6,7,7,7,6,5,2,3,3,3, , , , 
7,5/2/2022 23:38:59,5/2/2022 23:42:38,218,5/2/2022 23:42:38,NL,43,2,7,2641,5,5,5,4,8, , , , , , , , ,3,4,4, , , , 
7,5/2/2022 23:55:39,5/3/2022 0:02:22,402,5/3/2022 0:02:22,NL,66,2,7,5256,5,5,5,4,8,7,10,7,8,9,8,9,4,4,5,4, , , , 
7,5/3/2022 2:52:39,5/3/2022 3:01:09,510,5/3/2022 3:01:10,NL,47,2,3,6034,5,3,3,5,8, , , , , , , , ,4,5,4, , , , 
7,5/3/2022 3:56:43,5/3/2022 4:07:38,655,5/3/2022 4:07:38,NL,62,2,7,8400,5,5,5,5,8,8,8,8,9,9,6,6,3,5,4,4, , , , 
7,5/3/2022 4:19:19,5/3/2022 4:23:49,269,5/3/2022 4:23:49,NL,27,1,8,3311,3,3,3,5,6,9,8,8,8,9,9,3,4,5,5,5, , , , 
7,5/3/2022 4:27:16,5/3/2022 4:31:24,247,5/3/2022 4:31:24,NL,29,2,8,2565,3,3,4,5,3,10,10,5,8,7,7,8,3,4,2,5, , , , 
7,5/3/2022 7:33:48,5/3/2022 7:39:33,345,5/3/2022 7:39:34,NL,43,2,7,2211,5,5,3,4,7,7,9,9,1,8,9,1,5,4,4,5, , , , 
7,5/3/2022 7:36:47,5/3/2022 7:41:13,265,5/3/2022 7:41:13,NL,42,2,10,4463,4,5,5,4,8,9,9,10,10,7,7,7,5,4,4,4, , , , 
7,5/3/2022 8:14:37,5/3/2022 8:24:00,562,5/3/2022 8:24:01,NL,63,2,4,2321,4,5,5,5,7,7,1,1,1,7,7,6,4,4,4,4, , , , 
7,5/3/2022 9:28:40,5/3/2022 9:33:26,286,5/3/2022 9:33:27,NL,23,1,4,2831,5,3,5,4,7,9,9,8,10,9,8,10,5,3,4,2, , , , 
7,5/3/2022 12:20:57,5/3/2022 12:25:26,268,5/3/2022 12:25:26,NL,50,2,7,9481,5,5,3,5,7,9,10,10,10,9,10,10,5,5,5,5, , , , 
7,5/3/2022 12:34:44,5/3/2022 12:40:10,326,5/3/2022 12:40:10,NL,33,2,4,2681,5,5,5,5,8,9,9,9,9,7,9,8,5,5,5,5, , , , 
7,5/3/2022 13:43:56,5/3/2022 13:51:13,436,5/3/2022 13:51:13,NL,54,2,7,5702,3,3,3,5,6,8,9,9,9,7,9,7,4,5,5,5, , , , 
7,5/3/2022 14:20:12,5/3/2022 14:39:38,1166,5/3/2022 14:39:39,NL,40,1,7,2316,5,5,3,4,6,9,8,8,9,8,8,2,3,4,4,1, , , , 
7,5/3/2022 14:41:21,5/3/2022 14:45:53,272,5/3/2022 14:45:54,NL,42,2,8,4817,5,3,3,5,6,8,9,9,9,9,8,6,3,4,5,5, , , , 
7,5/3/2022 14:39:13,5/3/2022 14:49:50,636,5/3/2022 14:49:50,NL,65,1,8,2352,3,3,3,2,6,5,5,5,3,5,5,5,4,2,2,2, , , , 
7,5/4/2022 5:11:25,5/4/2022 5:18:20,414,5/4/2022 5:18:20,NL,51,2,8,2312,5,5,3,3,8,7,9,6,8,5,6,5,2,4,3,3, , , , 
7,5/4/2022 6:34:31,5/4/2022 6:41:04,393,5/4/2022 6:41:04,NL,59,1,8,2312,5,5,3,2,8,5,5,5,5,6,6,6,4,2,3,3, , , , 
7,5/4/2022 14:18:42,5/4/2022 14:29:00,617,5/4/2022 14:29:00,NL,66,2,7,4105,5,5,3,3,8,6,7,2,7,7,8,3,5,5,4,4, , , , 
7,5/5/2022 5:29:38,5/5/2022 5:38:57,559,5/5/2022 5:38:57,NL,72,2,7,1336,4,4,3,4,7,8,8,7,8,10,9,7,4,4,4,4, , , , 
7,5/5/2022 5:51:18,5/5/2022 5:58:22,424,5/5/2022 5:58:22,NL,55,2,8,2652,5,5,3,4,6,8,8,7,7,6,7,3,4,2,3,2, , , , 
7,5/5/2022 7:17:30,5/5/2022 7:21:22,231,5/5/2022 7:21:22,NL,35,2,7,2902,4,5,3,4,8,9,10,5,9,9,8,6,5,5,4,4, , , , 
7,5/5/2022 7:53:39,5/5/2022 8:03:18,578,5/5/2022 8:03:18,NL,43,2,7,6651,3,3,4,3,3,8,8,5,10,7,7,6,5,4,4,4, , , , 
7,5/5/2022 11:50:48,5/5/2022 11:58:43,475,5/5/2022 11:58:43,NL,59,2,6,7471,5,5,3,4,6,10,10,10,10,8,8,6,4,5,5,5, , , , 
7,5/5/2022 12:21:00,5/5/2022 12:34:11,790,5/5/2022 12:34:11,NL,65,2,7,2382,5,5,5,4,8,7,6,7,7,6,6,6,2,5,4,4, , , , 
7,5/5/2022 12:49:59,5/5/2022 12:53:46,226,5/5/2022 12:53:46,NL,44,2,8,2022,5,5,3,4,6,9,9,9,9,8,8,8,3,4,4,2, , , , 
7,5/5/2022 14:04:56,5/5/2022 14:11:35,398,5/5/2022 14:11:35,NL,53,2,7,2285,3,5,5,3,7,8,8,8,8,5,5,5,5,4,3,4, , , , 
7,5/6/2022 0:28:44,5/6/2022 0:35:42,417,5/6/2022 0:35:42,NL,46,2,8,3523,5,5,5,5,8,5, , , , , , , ,4,4,3, , , , 
7,5/6/2022 0:57:37,5/6/2022 1:03:12,334,5/6/2022 1:03:12,NL,46,2,4,5685,5,5,3,4,8,8,9,9,9,8,9,6,5,4,4,4, , , , 
7,5/6/2022 3:51:01,5/6/2022 3:57:05,364,5/6/2022 3:57:05,NL,61,1,8,2321,5,5,3,3,8, , , , , , , , ,4,3,4, , , , 
7,5/6/2022 4:17:38,5/6/2022 4:21:41,243,5/6/2022 4:21:42,NL,31,2,4,8101,4,4,3,3,3,6,6,8,7,8,10,8,5,4,5,2, , , , 
7,5/6/2022 4:48:53,5/6/2022 4:54:20,326,5/6/2022 4:54:20,NL, ,4,8,1094,4,5,3,5,7, , ,8,8,6, , , ,4,4,4, , , , 
7,5/7/2022 19:05:15,5/7/2022 19:25:49,1233,5/7/2022 19:25:49,NL,58,1,10,2904,5,5,5,4,3,8,8,9,8,8,7,5,5,4,5,4, , , , 
7,5/8/2022 8:04:08,5/8/2022 8:08:53,285,5/8/2022 8:08:54,NL,47,2,8,2331,5,5,3,4,6,6, ,4,6,9, ,3,5,2,4,2, , , , 
7,5/9/2022 0:09:29,5/9/2022 0:38:11,1721,5/9/2022 0:38:11,NL,47,1,4,2235,5,5,5,4,8,7,8,8,8,8,6,6,3,4,4,4, , , , 
7,5/9/2022 4:40:48,5/9/2022 4:56:38,949,5/9/2022 4:56:38,NL,65,2,8,3117,3,5,3,4,8,10,10,10,10,10,8,5,5,5,5,3, , , , 
7,5/9/2022 8:33:06,5/9/2022 8:42:55,588,5/9/2022 8:42:55,NL,58,2,6,3144,5,3,3,3,8,8,5,8,8,5,7,5,4,5,5,2, , , , 
7,5/10/2022 12:40:06,5/10/2022 12:50:51,645,5/10/2022 12:50:51,NL,69,2,4,3065,5,3,3,3,7,8,8,8, , , , ,3,5,3,3, , , , 
7,5/12/2022 4:56:30,5/12/2022 5:02:18,347,5/12/2022 5:02:18,NL,71,1,7,3904,4,4,5,3,7,5,5,5,5,5,5,5,1,4,4,3, , , , 
7,5/12/2022 4:58:21,5/12/2022 5:02:37,256,5/12/2022 5:02:37,NL,20,2,5,1025,1,4,5,4,8,7,9,7,8,5,5,4,1,5,4,5, , , , 
7,5/12/2022 5:02:29,5/12/2022 5:08:20,351,5/12/2022 5:08:20,NL,58,2,7,2241,5,5,3,4,8,9,8,6,8,7,7,4,3,5,4,4, , , , 
7,5/12/2022 5:17:26,5/12/2022 5:25:39,493,5/12/2022 5:25:40,NL,77,2,8,5298,3,5,3,3,7,6,7,6,7,5,5,5,1,4,4,4, , , , 
7,5/12/2022 5:02:50,5/12/2022 5:29:48,1617,5/12/2022 5:29:48,NL,64,2,7,1562,5,5,5,5,7,7,8,8,10,7,9,8,4,4,5,5, , , , 
7,5/12/2022 5:28:45,5/12/2022 5:35:04,379,5/12/2022 5:35:04,NL,68,2,8,2132,4,3,3,4,8,9,8,8,8,10,8,6,5,4,4,4, , , , 
7,5/12/2022 5:45:22,5/12/2022 5:51:30,368,5/12/2022 5:51:30,NL,52,2,8,8012,3,3,3,4,8,5,7,5,7,5,6,4,3,2,3,2, , , , 
7,5/12/2022 6:07:10,5/12/2022 6:12:38,327,5/12/2022 6:12:38,NL,78,2,8,3045,5,5,5,3,7, , , , , , , , ,4,3,3, , , , 
7,5/12/2022 6:08:09,5/12/2022 6:18:56,646,5/12/2022 6:18:56,NL,72,2,7,2024,4,5,5,4,3,8,7,8,5,6,6,6,3,4,5,4, , , , 
7,5/12/2022 6:20:24,5/12/2022 6:29:01,516,5/12/2022 6:29:01,NL,67,2,7,3892,4,5,5,4,8,8,8, ,10,8,8, ,4,4,5,4, , , , 
7,5/12/2022 6:21:08,5/12/2022 6:31:38,630,5/12/2022 6:31:39,NL,81,2,2,4758,4,5,3,3,7,10,10,10,10,10,10,5,5,5,5,3, , , , 
7,5/12/2022 6:30:12,5/12/2022 6:36:41,389,5/12/2022 6:36:42,NL,73,2,7,7552,4,4,3,1,7,10,10,10,10,8,8,1,5,3,4,1, , , , 
7,5/12/2022 6:32:07,5/12/2022 6:38:29,381,5/12/2022 6:38:29,NL,72,2,7,3068,4,4,3,4,7,7,7,8,9,8,8,4,3,4,3,3, , , , 
7,5/12/2022 6:37:37,5/12/2022 6:42:30,292,5/12/2022 6:42:30,NL,55,2,8,6703,5,5,5,3,7,8,8,8,8,6,6,8,2,4,4,4, , , , 
7,5/12/2022 6:53:12,5/12/2022 6:57:19,247,5/12/2022 6:57:20,NL,21,1,5,1061,4,5,5,4,8,7,6,7,7,6, , ,4,4,3,3, , , , 
7,5/12/2022 7:34:26,5/12/2022 7:43:44,557,5/12/2022 7:43:44,NL,71,1,7,6883,4,5,5,3,7, , , , , , , , ,4,3,1, , , , 
7,5/12/2022 7:48:56,5/12/2022 7:57:48,531,5/12/2022 7:57:49,NL,56,2,7,2614,4,5,3,4,8,6,6,6,10,6,8,5,5,4,4,5, , , , 
7,5/12/2022 8:03:02,5/12/2022 8:10:07,424,5/12/2022 8:10:07,NL,64,2,7,5709,4,5,5,4,8,8,10,6,9,7,7,7,5,4,4,4, , , , 
7,5/12/2022 8:20:11,5/12/2022 8:25:09,297,5/12/2022 8:25:09,NL,52,1,4,2273,4,4,4,3,7,5,5,5,5,5,5,5,5,3,3,3, , , , 
7,5/12/2022 9:29:27,5/12/2022 9:34:03,276,5/12/2022 9:34:04,NL,36,1,8,1034,5,5,5,4,7,7,7, ,7, , , ,3,4,4,4, , , , 
7,5/12/2022 10:21:03,5/12/2022 10:31:27,624,5/12/2022 10:31:27,NL,73,2,5, ,5,5,5,4,1, ,7, ,10, , , ,2,4,4,3, , , , 
7,5/12/2022 10:25:07,5/12/2022 10:34:37,569,5/12/2022 10:34:37,NL,65,1,8,2321,5,5,5,4,8,6,6,6,6,6,6,5,1,4,4,3, , , , 
7,5/12/2022 11:00:06,5/12/2022 11:05:53,347,5/12/2022 11:05:54,NL,52,1,4,2151,4,5,3,4,7,8,7,5,10,7,7,7,4,4,4,2, , , , 
7,5/12/2022 11:04:21,5/12/2022 11:33:17,1736,5/12/2022 11:33:17,NL,85,1,3,6031,3,5,5,3,3,8,10,9,7,7,9,7,5,2,4,2, , , , 
7,5/12/2022 11:29:58,5/12/2022 11:37:05,426,5/12/2022 11:37:05,NL,62,4,8,9404,5,3,5,4,8,7,9,5,8,7,8,7,2,3,5,4, , , , 
7,5/12/2022 11:30:17,5/12/2022 11:40:59,641,5/12/2022 11:40:59,NL,21,3,5,2274,5,5,3,4,7,6,7,6,6,6,7,6,3,4,4,5, , , , 
7,5/12/2022 11:28:38,5/12/2022 11:41:48,789,5/12/2022 11:41:48,NL,68,1,8,6591,5,3,3,4,8,8,8,8,6,8,7,5,4,4,5,3, , , , 
7,5/12/2022 12:40:30,5/12/2022 12:48:25,474,5/12/2022 12:48:25,NL,80,2,7,2317,3,3,4,3,3,8,8,7,9,9,8,6,3,4,4,4, , , , 
7,5/12/2022 13:27:35,5/12/2022 13:34:39,424,5/12/2022 13:34:39,NL,42,2,7,5014,5,5,5,4,3,7,9,8,10,7,9,8,2,4,3,2, , , , 
7,5/12/2022 13:19:04,5/12/2022 13:38:51,1187,5/12/2022 13:38:51,NL,81,1,7,2111,5,5,5,4,8,8,8,5,8,8,8,5,3,4,4,3, , , , 
7,5/12/2022 6:06:31,5/12/2022 13:56:20,28188,5/12/2022 13:56:20,NL,80,1,7,7442,3,3,5,3,7,7,7,6,7,7,7,5,2,3,4,3, , , , 
7,5/13/2022 1:19:24,5/13/2022 1:23:01,216,5/13/2022 1:23:01,NL,54,2,7,3732,5,5,3,5,8,10,10,10,10,7,10,5,5,5,5,3, , , , 
7,5/12/2022 5:40:04,5/13/2022 2:20:48,74444,5/13/2022 2:20:48,NL,47,1,5,3206,3,3,5,5,8,8,8,8,8,5,8,6,4,2,4,2, , , , 
7,5/13/2022 3:39:28,5/13/2022 3:46:47,438,5/13/2022 3:46:47,NL,69,2,8,5233,4,5,3,4,7,10,10,10,10,9,10,5,4,4,4,4, , , , 
7,5/13/2022 12:42:55,5/13/2022 12:49:25,390,5/13/2022 12:49:25,NL,45,2,7,2405,4,4,5,4,8,8,9,8,9,8,8,8,4,4,4,5, , , , 
7,5/13/2022 15:28:46,5/13/2022 15:35:49,422,5/13/2022 15:35:49,NL,48,1,4,7844,4,4,5,4,7, , , , , , , , ,3,4,4, , , , 
7,5/14/2022 0:43:22,5/14/2022 0:48:28,305,5/14/2022 0:48:28,NL,50,2,8,2291,5,5,3,4,7,8,8,10,10,7,7,5,5,5,5,3, , , , 
7,5/13/2022 13:18:41,5/14/2022 0:50:49,41527,5/14/2022 0:50:49,NL,61,1,6,1094,5,4,5,3,8,8,7,7,7,7,7,7,2,4,4,3, , , , 
7,5/14/2022 3:56:31,5/14/2022 4:05:23,532,5/14/2022 4:05:24,NL,72,1,8,6534,5,3,3,4,8,9,10,9,8,9,9,5,2,3,3,2, , , , 
7,5/14/2022 9:57:03,5/14/2022 10:01:55,292,5/14/2022 10:01:55,NL,42,2,8,3522,5,5,5,4,8,8,8,8,7,6,5,7,1,4,4,3, , , , 
7,5/15/2022 13:13:07,5/15/2022 13:40:03,1615,5/15/2022 13:40:03,NL,73,1,8,3402,5,5,5,3,8,8,7,1,1,6,6,6,2,4,3,3, , , , 
7,5/15/2022 16:55:19,5/15/2022 17:05:19,600,5/15/2022 17:05:19,NL,68,1,4,4841,3,3,3,5,6,9,9,9,9,9,9,9,4,5,5,5, , , , 
7,5/12/2022 13:19:31,5/16/2022 3:24:19,309887,5/16/2022 3:24:31,NL,53,2,3,1942,5,5,5,3,7, , , , , , , , ,4,4,3, , , , 
7,5/17/2022 13:15:20,5/17/2022 13:25:33,613,5/17/2022 13:25:33,NL,66,1,8,7512,5,5,5,4,7,7,7,7,7,6,7,4,2,4,3,3, , , , 
7,5/19/2022 3:49:16,5/19/2022 3:53:09,233,5/19/2022 3:53:09,NL,42,2,8,3832,3,3,3,4,6,6,6,7,7,6,6,6,2,4,4,3, , , , 
7,5/19/2022 7:38:26,5/19/2022 7:43:00,273,5/19/2022 7:43:00,NL,38,2,7,3621,5,5,5,3,6,6,6,6,6,6,5,5,2,4,3,4, , , , 
7,5/23/2022 12:28:19,5/23/2022 12:50:53,1354,5/23/2022 12:50:53,NL,66,2,5,7433,4,5,3, ,8,5,6, , ,10, ,5,1, , , , , , , 
7,5/24/2022 6:51:17,5/24/2022 7:01:17,599,5/24/2022 7:01:17,NL,80,2,7,2724,5,5,3,4,8,8,9,6,8,7,8,5,3,4,5,4, , , , 
7,5/24/2022 6:55:33,5/24/2022 7:03:42,489,5/24/2022 7:03:43,NL,64,2,7,4465,5,5,5,3,8,8,8,1,1,6,7,6,3,4,4,3, , , , 
7,5/24/2022 7:11:56,5/24/2022 7:20:10,493,5/24/2022 7:20:10,NL,73,2,3,1602,3,4,5,5,3,8,8,9,8,8,8,2,3,4,4,3, , , , 
7,5/24/2022 7:16:38,5/24/2022 7:21:48,310,5/24/2022 7:21:49,NL,44,2,5,6826,5,3,3,5,8,9,8,8,9,7,7,9,2,5,5,5, , , , 
7,5/24/2022 7:48:16,5/24/2022 7:57:09,532,5/24/2022 7:57:09,NL,67,2,7,3813,5,4,5,3,7,8,8,8,8,7,8,7,3,4,4,4, , , , 
7,5/24/2022 8:40:27,5/24/2022 8:43:01,153,5/24/2022 8:43:01,NL,43,2,8,6714,3,3,3,4,1,6,10,8,8,7,6,8,3,4,4,4, , , , 
7,5/24/2022 8:57:39,5/24/2022 9:05:09,450,5/24/2022 9:05:10,NL,75,2,5,8051,4,4,5,3,7, , , , ,5, , , ,3,3,3, , , , 
7,5/24/2022 9:17:36,5/24/2022 9:28:58,681,5/24/2022 9:28:58,NL, ,2,10,1053,4,4,5,5,7,10,10,10,10, , , ,5,5,5,3, , , , 
7,5/24/2022 11:32:05,5/24/2022 11:38:02,356,5/24/2022 11:38:02,NL,60,2,5,5644,5,5,5,3,8,8,8,6,8,7,7,7,2,3,3,3, , , , 
7,5/24/2022 14:41:30,5/24/2022 14:53:22,712,5/24/2022 14:53:22,NL,78,2,8,8166,5,5,5,3,8,6,6,6,6,6,6,6,1,3,3,3, , , , 
7,5/25/2022 1:01:08,5/25/2022 1:09:09,481,5/25/2022 1:09:09,NL,61,2,7,9468,5,5,5,4,8,8,8,8,8,8,8,8,3,4,4,3, , , , 
7,5/25/2022 2:34:09,5/25/2022 2:38:56,286,5/25/2022 2:38:56,NL,65,1,7,7875,5,5,3,4,8,9,10,8,9,7,7,5,2,3,3,4, , , , 
7,5/25/2022 7:50:09,5/25/2022 7:56:42,392,5/25/2022 7:56:42,NL,69,2,5,2100,5,3,3,3,6,8,9,9,9,9,8,6,4,5,5,5, , , , 
7,5/25/2022 8:53:35,5/25/2022 8:58:32,296,5/25/2022 8:58:32,NL,78,2,8,3045,5,3,3,3,8,5,5,5,5,6,6,5,5,4,4,3, , , , 
7,5/25/2022 8:55:53,5/25/2022 9:00:58,305,5/25/2022 9:00:58,NL,61,1,6,1094,5,5,5,3,8,7,7,7,8,8,8,8,3,4,4,3, , , , 
7,5/25/2022 9:01:15,5/25/2022 9:06:28,313,5/25/2022 9:06:29,NL,34,2,4,1446,3,1,4,4,3,8,8,7,9,8,9,7,4,4,4,4, , , , 
7,5/25/2022 9:05:20,5/25/2022 9:10:42,322,5/25/2022 9:10:42,NL,35,4,7,1212,5,3,3,5,8,10,9,6,10,8,10,8,5,4,4,2, , , , 
7,5/25/2022 9:50:47,5/25/2022 9:57:49,421,5/25/2022 9:57:49,NL,56,1,5,9463,3,4,5,3,3,7,8,8,8,6,7,5,2,4,4,4, , , , 
7,5/25/2022 10:03:15,5/25/2022 10:08:07,291,5/25/2022 10:08:07,NL,42,2,8,2341,5,3,3,4,8,8,10,7,9,5,6,5,4,3,4,3, , , , 
7,5/25/2022 11:25:51,5/25/2022 11:39:51,839,5/25/2022 11:39:51,NL,62,1,6,2312,3,3,3,5,6,10,10,8,10,8,8,8,5,5,5,5, , , , 
7,5/25/2022 11:40:48,5/25/2022 11:45:02,253,5/25/2022 11:45:02,NL,23,2,8,2324,5,3,3,4,6,8,9,6,8,8,7,3,2,4,4,4, , , , 
7,5/25/2022 12:38:03,5/25/2022 12:43:01,298,5/25/2022 12:43:01,NL,69,2,8,5233,4,4,3,5,3,8,10,9,10,8,10,9,5,4,4,4, , , , 
7,5/25/2022 13:26:45,5/25/2022 13:32:39,353,5/25/2022 13:32:39,NL,64,1,4,4635,4,4,5,5,7,9,8,9,9,8,8,8,5,5,5,5, , , , 
7,5/26/2022 0:14:21,5/26/2022 0:23:09,528,5/26/2022 0:23:09,NL,53,2,7,5735,5,5,3,5,7,10,10,8,1,9,1,7,1,5,5,4, , , , 
7,5/26/2022 2:18:33,5/26/2022 2:53:15,2082,5/26/2022 2:53:16,NL,70,2,6,6911,3,3,3,4,7,6,7,5,6,6,6,4,4,4,4,2, , , , 
7,5/26/2022 4:10:16,5/26/2022 4:26:59,1002,5/26/2022 4:26:59,NL,45,1,5,1141,5,3,3,3,3,5,7,5,5,5,5,5,2,2,4,2, , , , 
7,5/26/2022 5:02:34,5/26/2022 5:10:14,460,5/26/2022 5:10:14,NL,83,1,8,1218,5,5,5,4,3,5,7,7,7,5,6,6,3,3,3,2, , , , 
7,5/26/2022 6:08:29,5/26/2022 6:13:39,309,5/26/2022 6:13:39,NL,56,2,7,2574,5,5,3,5,8,10,9,9,10,6,7, ,5,3,3,4, , , , 
7,5/26/2022 6:11:56,5/26/2022 6:17:20,323,5/26/2022 6:17:20,NL,51,1,8,55218,3,3,3,5,6,8,8,9,10,9,9,7,5,4,5,3, , , , 
7,5/26/2022 6:18:12,5/26/2022 6:27:04,531,5/26/2022 6:27:04,NL,61,2,7,1561,5,5,5,4,8,8,8,8,8,7,7,5,3,4,4,4, , , , 
7,5/26/2022 6:29:21,5/26/2022 6:33:32,250,5/26/2022 6:33:32,NL,59,2,7,3524,5,4,5,2,8,7,8,8,9,7,7,7,4,2,2,2, , , , 
7,5/26/2022 6:42:28,5/26/2022 6:49:57,448,5/26/2022 6:49:57,NL,78,2,10,7002,4,4,4,3,7,7,7,7,7,7,8,6,4,5,4,4, , , , 
7,5/26/2022 6:53:41,5/26/2022 6:57:21,220,5/26/2022 6:57:21,NL,74,2,10,6843,4,5,3,3,8, , , , , , , , ,5,5,1, , , , 
7,5/26/2022 7:14:59,5/26/2022 7:19:59,300,5/26/2022 7:19:59,NL,52,2,7,3812,3,4,3,4,8,9,9,10,10,9,9,9,5,5,4,3, , , , 
7,5/26/2022 7:25:03,5/26/2022 7:29:51,287,5/26/2022 7:29:51,NL,51,2,7,2313,4,5,5,3,7,10,5,5,10,5,5,5,5,3,3,3, , , , 
7,5/26/2022 7:39:20,5/26/2022 7:45:22,362,5/26/2022 7:45:23,NL,57,2,8,4207,3,3,3,4,6,7,7,7,8,7,7,7,2,4,5,5, , , , 
7,5/26/2022 8:05:05,5/26/2022 8:08:50,225,5/26/2022 8:08:50,NL,43,1,8,1689,4,5,5,4,8,7,7,7,7,7,7,7,4,4,4,4, , , , 
7,5/26/2022 8:04:38,5/26/2022 8:10:46,367,5/26/2022 8:10:47,NL,41,2,8,2011,5,5,5,3,8,6,6,5,6,6,6,6,2,3,4,4, , , , 
7,5/26/2022 8:01:21,5/26/2022 8:12:09,648,5/26/2022 8:12:09,NL,60,2,4,7722,4,5,5,4,7,7,9,9,9,8,8,1,4,4,4,4, , , , 
7,5/26/2022 8:41:19,5/26/2022 8:45:57,277,5/26/2022 8:45:57,NL,40,2,7,2315,4,4,5,3,7,5,7,6,7,5,6,4,3,4,3,3, , , , 
7,5/26/2022 8:42:03,5/26/2022 8:49:55,471,5/26/2022 8:49:55,NL,61,2,8,2051,4,5,3,4,8,8,8,9,8,8,7,6,5,4,4,4, , , , 
7,5/26/2022 8:57:41,5/26/2022 9:01:23,221,5/26/2022 9:01:23,NL,54,2,8,9713,4,4,4,3,7,6,8,7,7,7,7,5,3,4,4,3, , , , 
7,5/26/2022 9:09:07,5/26/2022 9:14:03,295,5/26/2022 9:14:03,NL,62,2,4,8256,4,4,4,5,7,9,9,10,10,10,10,10,5,5,5,5, , , , 
7,5/26/2022 9:09:42,5/26/2022 9:16:44,422,5/26/2022 9:16:45,NL,60,2,6,5438,5,5,5,4,8,7,8,8,8,8,8,5,3,4,4,3, , , , 
7,5/26/2022 9:14:40,5/26/2022 9:19:12,271,5/26/2022 9:19:12,NL,67,1,8,3062,3,3,3,3,6,6,8,1,1,7,7,2,5,4,4,4, , , , 
7,5/26/2022 9:16:20,5/26/2022 9:21:47,327,5/26/2022 9:21:47,NL,74,2,7,2611,4,4,5,4,7,9,9,8,9,6,7,6,4,4,4,3, , , , 
7,5/26/2022 9:31:31,5/26/2022 9:40:05,513,5/26/2022 9:40:05,NL,60,2,7,9753,4,4,5,3,7,5,5,5,5,5,5,5,4,4,4,3, , , , 
7,5/26/2022 9:42:01,5/26/2022 9:49:06,424,5/26/2022 9:49:06,NL,59,2,6,7371,5,5,5,3,7,5,5,6,6,8,8,4,4,4,4,2, , , , 
7,5/26/2022 10:51:11,5/26/2022 10:56:40,328,5/26/2022 10:56:40,NL,50,2,8,3024,4,5,5,3,8, , , ,5,7,6,3,2,4,4,4, , , , 
7,5/26/2022 10:58:29,5/26/2022 11:06:42,493,5/26/2022 11:06:42,NL,58,2,4,2721,5,5,3,5,8,10,9,9,10,9,9,5,5,5,4,5, , , , 
7,5/26/2022 11:41:30,5/26/2022 11:53:17,707,5/26/2022 11:53:17,NL,61,2,7,7542,5,5,3,4,8,8,5,6,8,7,9,10,5,4,4,3, , , , 
7,5/26/2022 12:14:59,5/26/2022 12:21:07,368,5/26/2022 12:21:08,NL,66,2,8,3235,5,3,3,4,8,10,10,10,10,10,10,10,5,5,5,5, , , , 
7,5/26/2022 12:30:12,5/26/2022 12:36:57,404,5/26/2022 12:36:57,NL,65,2,7,7521,4,5,5,4,7,8,9,8,9,8,9,7,4,4,4,4, , , , 
7,5/26/2022 12:38:43,5/26/2022 12:48:05,561,5/26/2022 12:48:05,NL,51,2,7,2993,4,5,5,4,8,7,6,8,8,7,7,7,2,5,5,5, , , , 
7,5/27/2022 0:19:30,5/27/2022 0:24:35,304,5/27/2022 0:24:35,NL,58,2,8,3531,4,5,5,4,8,9,9,9,9,9,9,2,4,4,4,4, , , , 
7,5/27/2022 1:33:16,5/27/2022 1:44:06,650,5/27/2022 1:44:07,NL,65,1,4,5505,5,5,5,2,8,5,5,6,5,6,6,5,1,1,1,1, , , , 
7,5/27/2022 2:02:20,5/27/2022 2:14:52,752,5/27/2022 2:14:53,NL,47,2,4,4266,5,5,3,4,7,10,10,6,8,10,10,10,5,5,5,2, , , , 
7,5/27/2022 2:38:02,5/27/2022 2:41:37,215,5/27/2022 2:41:37,NL,31,2,8,9000,5,3,3, ,8, ,1, , , ,2, , , , , , , , , 
7,5/27/2022 2:33:14,5/27/2022 2:45:56,761,5/27/2022 2:45:56,NL,73,2,8,5042,5,5,3,4,8,5,6,5,7,7,7,5,3,3,4,3, , , , 
7,5/27/2022 4:11:09,5/27/2022 4:17:55,406,5/27/2022 4:17:55,NL,64,1,7,1097,5,3,3,2,6,5,5,5,5,5,5,5,5,4,3,2, , , , 
7,5/27/2022 4:34:32,5/27/2022 4:41:22,410,5/27/2022 4:41:22,NL,72,2,7,5508,5,4,3,4,7,7,7,8,7,6,7,8,3,5,4,3, , , , 
7,5/27/2022 5:10:55,5/27/2022 5:14:28,212,5/27/2022 5:14:28,NL,45,2,7,2315,4,4,3,3,7,5,5,7,8,5,5,5,2,4,4,4, , , , 
7,5/27/2022 5:22:54,5/27/2022 5:28:48,354,5/27/2022 5:28:49,NL,51,2,7,1934,5,5,5,4,8,6,6,6,7,6,6,6,2,4,4,2, , , , 
7,5/27/2022 5:44:03,5/27/2022 6:06:04,1320,5/27/2022 6:06:04,NL,60,4,6,4907,4,5,5,3,8,6,9,6,6,6,6,3,4,5,4,3, , , , 
7,5/27/2022 7:08:43,5/27/2022 7:11:55,191,5/27/2022 7:11:55,NL,21,2,4,1613,3,3,3,4,3,8,10,7,8,10,10,8,5,3,4,5, , , , 
7,5/27/2022 7:35:15,5/27/2022 7:39:45,270,5/27/2022 7:39:46,NL,50,1,8,3525,5,5,3,2,8,8,8,7,8,8,8,2,3,4,4,4, , , , 
7,5/27/2022 11:04:37,5/27/2022 11:15:32,654,5/27/2022 11:15:32,NL,50,2,8,6981,5,3,5,4,8,7,8,8,7,7,6,3,3,4,3,4, , , , 
7,5/27/2022 12:15:24,5/27/2022 12:22:56,452,5/27/2022 12:22:57,NL,80,2,7,2317,4,4,4,3,3,8,8,8,9,8,8,7,3,4,4,4, , , , 
7,5/27/2022 13:02:47,5/27/2022 13:20:30,1063,5/27/2022 13:20:30,NL,63,2,8, ,3,3,3, ,8, , , , , , , , , , , , , , , 
7,5/27/2022 14:37:13,5/27/2022 23:06:35,30562,5/27/2022 23:06:36,NL,80,1,7,7442,4,5,4, , , ,6, , , , , ,2, , , , , , , 
7,5/28/2022 1:35:28,5/28/2022 1:41:48,379,5/28/2022 1:41:48,NL,37,2,5,7891,4,5,3,4,3,9,9,10,10,10,10,8,5,4,4,4, , , , 
7,5/28/2022 5:52:20,5/28/2022 6:01:14,534,5/28/2022 6:01:14,NL,73,2,8,1398,3,5,3,4,8,7,8,8,8,6,6,4,3,4,4,3, , , , 
7,5/28/2022 5:54:06,5/28/2022 7:16:34,4948,5/28/2022 7:16:35,NL,81,2,2,4758,4,4,5,3,7,7,8,10,8,9,8, ,5,4,5,4, , , , 
7,5/28/2022 7:49:16,5/28/2022 7:52:48,211,5/28/2022 7:52:48,NL,71,1,7,3904,3,5,5,3,7, , , , , , , , ,3,3,3, , , , 
7,5/28/2022 11:07:25,5/28/2022 11:23:11,945,5/28/2022 11:23:11,NL,69,2,5,3067,5,5,3,4,6,9,8,9,9,8,9,2,4,5,4,5, , , , 
7,5/29/2022 9:58:07,5/29/2022 10:03:20,313,5/29/2022 10:03:20,NL,44,2,8,3461,4,4,5,3,7,7,7,6,7,5,7,4,3,4,4,4, , , , 
7,5/29/2022 15:07:47,5/29/2022 15:13:47,359,5/29/2022 15:13:47,NL,47,2,7,2317,4,4,5,4,7,6,7,7,6, , ,4,1,4,3,4, , , , 
7,5/29/2022 16:53:16,5/29/2022 16:59:40,383,5/29/2022 16:59:40,NL,64,1,7,9696,4,3,3,4,7,6,6,1,1,6,1,5,5,3,4,4, , , , 
7,5/29/2022 17:27:28,5/29/2022 17:35:09,460,5/29/2022 17:35:09,NL,43,1,6,2526,3,3,3,1,6, , , , , , , , ,1,1,1, , , , 
7,5/30/2022 6:53:41,5/30/2022 6:59:40,359,5/30/2022 6:59:40,NL,63,2,8,7261,3,3,3,3,6,5,6,5,6,6,6,3,1,3,3,3, , , , 
7,5/31/2022 16:26:09,5/31/2022 16:40:00,830,5/31/2022 16:40:01,NL,56,1,8,2251,5,5,3,4,8,5,4,6,4,6,5,4,1,4,4,2, , , , 
8, , ,263, ,EN, , , , ,2, ,5, ,9,6, , , , , , ,2,3,1,2, , , , 
8, , ,768, ,EN, ,2, , ,4,4,2,3,9,8,7,9,4,5,8,6,5,3,4,3, , , , 
8, , ,901, ,EN, ,2, , ,3,4,4,4,10,9,10,5,9,6,10,7,4,5,4,3, , , , 
8, , ,642, ,EN, ,2, , ,2,4,4,3,7,8,8,7,6,6,4,6,4,3,3,3, , , , 
8, , ,536, ,EN, ,1, , ,2,4,4,2,7,8,7,7,6,5,7,4,5,4,4,4, , , , 
8, , ,1229, ,EN, ,1, , ,2,4,5,3,10,8,7,9,4,5,4,6,4,2,3,4, , , , 
8, , ,1056, ,EN, ,1, , ,3,4,5,2,7,8,8,9,7,5,7,9,4,4,4,4, , , , 
8, , ,1568, ,EN, ,1, , ,2,5,1,2,9,9,8,8,7,7,8,7,4,4,1,4, , , , 
8, , ,675, ,EN, ,2, , ,1,2,2,2,3,5,1,4,8,5,6,5,2,5,3,4, , , , 
8, , ,1797, ,EN, ,2, , ,3,4,5,3,2,2,8,3,8,8,7,7,4,4,4,3, , , , 
8, , ,511, ,EN, ,2, , ,2,4,3,3,8, , ,1,6,5,3,9,5,5,5,5, , , , 
8, , ,606, ,EN, ,2, , ,4,4,4,3,9,10,9,10,7,5,10,7,4,4,4,4, , , , 
8, , ,2303, ,EN, ,2, , ,2,3,2,2,5,5,6,6,3,5,2,6,4,4,3,4, , , , 
8, , ,924, ,EN, ,1, , ,3,4,4,3,9,9,8,8,9,6,7,8,4,2,2,3, , , , 
8, , ,553, ,EN, ,2, , ,3,4,4,4,10,6,8,8,5,7,3,6,5,4,1,4, , , , 
8, , ,8334, ,EN, ,1, , ,3,3,2,2,7,8,5,8,7,5,1,8,5,4,4,3, , , , 
8, , ,5352, ,EN, ,1, , ,2,4,3,3,8,8,8,8,5,5,8,8,2,2,2,2, , , , 
8, , ,543, ,EN, ,1, , ,2,4,4,3,8,9,7,8,5,7,8,7,5,4,1,4, , , , 
8, , ,15054, ,EN, ,1, , ,4,4,4,2,8,5,3,3,4,5,5,4,3,4,4,4, , , , 
8, , ,499, ,EN, ,2, , ,1,2,2,1,5,7,4,5,3,6,6,2,4,4,3,3, , , , 
8, , ,471, ,EN, ,4, , ,1,3,2,2,8,7,8,8, , , , ,4,4,3,4, , , , 
8, , ,548, ,EN, ,1, , ,3,4,4,4,9,9,6,9,8,6,8,9,5,4,4,5, , , , 
8, , ,658, ,EN, ,1, , ,3,3,3,3,5,6,5,5,5,5,5,3,4,3,2,2, , , , 
8, , ,627, ,EN, ,1, , ,3,4,4,3, , , , , , , , ,4,4,3,4, , , , 
8, , ,789, ,EN, ,1, , ,2,3,2,4,8,9,9,9,6,7,5,7,4,4,3,3, , , , 
8, , ,630, ,EN, ,2, , ,2,4,4,2,7,7,8,8,8,5,5,3,4,3,4,4, , , , 
8, , ,953, ,EN, ,2, , ,4,4,4,2,6,7,6,8,8,5,8,9,4,4,3,4, , , , 
8, , ,709, ,EN, ,2, , ,2,4,3,2,7,9,9,8,6,7,6,5,5,4,3,4, , , , 
8, , ,1147, ,EN, ,1, , ,3,4,4,2,7,7,8,7,5,4,4,5,4,4,3,3, , , , 
8, , ,1477, ,EN, ,1, , ,4,4,4,2,10,10,8,9,8,7,7,8,5,5,2,5, , , , 
8, , ,356, ,EN, ,1, , , , , , ,7,7,6,3,8,5,6,6,4,3,4,3, , , , 
8, , ,546, ,EN, ,1, , ,3,4,4,4,8,8,10,10,9,5,7,4,5,5,4,5, , , , 
8, , ,1426, ,EN, ,1, , ,3,4,4,3,7,7,8,7,6,6,5,7,5,4,4,4, , , , 
8, , ,554, ,EN, ,2, , ,2,3,4,2,9,9,8,8,7,5,8,1,4,3,2,5, , , , 
8, , ,27078, ,EN, ,1, , ,2,3,4,1,6,6,4,9,3,4,2,7,5,4,3,2, , , , 
8, , ,1652, ,EN, ,1, , , , , , , , , , , , , , ,4,4,4,4, , , , 
8, , ,644, ,EN, ,2, , ,4,4,4,4,6,6,8,7,9,6,6,9,4,4,3,3, , , , 
8, , ,1310, ,EN, ,2, , ,3,4,3,3,6,6,7,5,6,5,5,5,4,4,2,3, , , , 
8, , ,662, ,EN, ,2, , ,2,4,3,2,9,7,8,7,3,5,5,6,4,4,2,4, , , , 
8, , ,725, ,EN, ,2, , ,2,5,4,2,10,8,7,10,7,6,7,8,4,2,1,4, , , , 
8, , ,350, ,EN, ,2, , ,4,4,4,4,5,5,5,5,5,5,6,4,2,3,2,3, , , , 
8, , ,209, ,EN, ,2, , ,3,3,3,3,10,7,5,7,7,7,2,5,4,4,3,4, , , , 
8, , ,481, ,EN, ,1, , ,4,5,5,5,6,6,8,8,1,2,2,1,5,2,4,4, , , , 
8, , ,3762, ,EN, ,1, , ,4,4,5,4, , , , , , , , ,4,4,3,5, , , , 
8, , ,369, ,EN, ,1, , ,2,4,4,2,8,8,9,9,5,5,4,7,4,4,1,4, , , , 
8, , ,773850, ,EN, ,2, , ,2,2,2,2,8,8,6,8,5,5,5,6,3,4,3,4, , , , 
8, , ,637, ,EN, ,2, , ,3,4,2,2,9,7,8,8,8,5,7,7,1,3,4,4, , , , 
8, , ,487, ,EN, ,2, , ,2,4,4,3,8,8,9,8,8,5,3,6,5,4,4,3, , , , 
8, , ,979, ,EN, ,2, , ,2,4,2,2,10,10,10,10,10,8,8,8,5,5,5,5, , , , 
8, , ,2163, ,EN, ,1, , ,4,5,4,3,8,7,5,8,7,6,6,8,5,3,4,3, , , , 
8, , ,1040, ,EN, ,1, , ,3,4,4,4,6,7,5,7, , , , ,5,2,2,2, , , , 
8, , ,366, ,EN, ,1, , , , , , , , , , , , , , ,4,4,3,4, , , , 
8, , ,555, ,EN, ,2, , ,3,4,4,4,8,8,8,8,6,7,5,8,5,4,4,3, , , , 
8, , ,307, ,EN, ,2, , ,3,4,4,4,6,6,4,4,4,5,4,3,4,3,4,3, , , , 
9, , ,1353,10/1/2022 11:43:07, ,9,1, , ,2,4,4,4,10, , , ,8, , ,9,4,5,4,5, , , , 
9, , ,432,10/1/2022 11:43:10, ,7,2, , ,2,4,2,1,10, , , ,10, , ,10,5,5,4,5, , , , 
9, , ,429,10/1/2022 12:15:22, ,7,2, , ,4,5,4,4,10, , , ,10, , ,10,5,5,2,5, , , , 
9, , ,454,10/1/2022 12:16:08, ,4,2, , ,3,5,5,4,10, , , ,10, , ,10,4,5,5,1, , , , 
9, , ,386,10/1/2022 12:24:45, ,8,2, , ,4,5,4,4,10, , , ,9, , ,10,5,5,4,5, , , , 
9, , ,165,10/1/2022 12:26:27, ,10,1, , ,5,5,5,5,10, , , ,10, , ,10,5,5,1,5, , , , 
9, , ,511,10/1/2022 12:49:36, ,9,1, , ,4,4,4,4,7, , , ,6, , ,8,4,4,4,4, , , , 
9, , ,232,10/1/2022 12:55:27, ,9,1, , ,4,4,4,2,7, , , ,8, , ,9,4,4,3,4, , , , 
9, , ,419,10/1/2022 13:01:00, ,11,2, , ,4,4,4,3,9, , , ,7, , ,7,4,4,3,4, , , , 
9, , ,6751,10/1/2022 13:01:09, ,10,2, , ,4,4,4,3,7, , , ,7, , ,8,4,4,2,4, , , , 
9, , ,353,10/1/2022 13:09:08, ,7,2, , ,4,5,4,4,10, , , ,10, , ,10,3,4,5,4, , , , 
9, , ,363,10/1/2022 13:11:06, ,8,1, , ,4,5,5,3,10, , , ,8, , ,10,4,5,1,5, , , , 
9, , ,345,10/1/2022 13:12:49, ,8,1, , ,4,5,4,1,10, , , ,10, , ,10,4,5,4,5, , , , 
9, , ,294,10/1/2022 13:26:28, ,9,1, , ,2,5,4,1,10, , , ,6, , ,10,5,5,4,5, , , , 
9, , ,331,10/1/2022 13:27:12, ,7,1, , ,2,4,4,1,8, , , ,6, , ,7,4,3,3,4, , , , 
9, , ,184,10/1/2022 13:30:43, , ,2, , ,4,4,4,2,10, , , ,9, , ,10,4,4,4,4, , , , 
9, , ,1297,10/1/2022 13:31:19, ,11,1, , ,3,4,4,2,8, , , ,6, , ,9,4,4,3,3, , , , 
9, , ,386,10/1/2022 13:31:37, ,11,1, , ,3,4,4,2,8, , , ,8, , ,9,4,4,4,4, , , , 
9, , ,329,10/1/2022 13:38:49, ,7,2, , ,4,4,2,2,10, , , ,7, , ,6,4,4,3,4, , , , 
9, , ,529,10/1/2022 13:41:02, ,10,2, , ,2,3,4,1,7, , , ,5, , ,7,4,3,4,3, , , , 
9, , ,503,10/1/2022 13:42:04, ,12,2, , ,4,4,5,3,7, , , ,7, , ,10,4,3,4,4, , , , 
9, , ,340,10/1/2022 13:43:09, ,6,1, , ,4,5,4,4,10, , , ,9, , ,10,5,5,3,5, , , , 
9, , ,386,10/1/2022 13:55:28, ,8,1, , ,3,4,4,5,10, , , ,6, , ,8,4,5,5,5, , , , 
9, , ,824,10/1/2022 13:58:36, ,11,2, , ,4,5,5,2,10, , , ,10, , ,9,4,5,3,4, , , , 
9, , ,1069,10/1/2022 13:58:59, ,10,2, , ,4,3,4,5,8, , , ,4, , ,7,3,3,3,2, , , , 
9, , ,282,10/1/2022 14:00:23, ,8,1, , ,5,4,4,4,8, , , ,8, , ,7,4,4,4,3, , , , 
9, , ,291,10/1/2022 14:01:06, ,9,2, , ,1,5,4,3,9, , , ,8, , ,10,5,5,1,5, , , , 
9, , ,389,10/1/2022 14:06:42, ,10,2, , ,5,4,4,4,8, , , ,7, , ,6,4,5,4,4, , , , 
9, , ,238,10/1/2022 14:10:49, ,11,1, , ,4,5,4,5,10, , , ,10, , ,10,5,4,3,3, , , , 
9, , ,353,10/1/2022 14:11:44, ,11,2, , ,2,5,4,4,7, , , ,7, , ,10,4,4,3,5, , , , 
9, , ,530,10/1/2022 14:12:15, ,9,2, , ,1,5,4,5,10, , , ,7, , ,10,4,4,5,4, , , , 
9, , ,765,10/1/2022 14:13:15, ,9,1, , ,5,5,4,5,10, , , ,10, , ,10,5,5,5,5, , , , 
9, , ,175,10/1/2022 14:16:29, ,10,1, , ,5,4,5,5,10, , , ,10, , ,10,5,4,3,5, , , , 
9, , ,1972,10/1/2022 14:17:46, ,10,2, , ,1,4,4,4,8, , , ,6, , ,6,2,4,2,3, , , , 
9, , ,208,10/1/2022 14:17:55, ,13,1, , ,5,5,5,3,8, , , ,8, , ,9,5,4,3,4, , , , 
9, , ,275,10/1/2022 14:18:22, ,12,1, , ,2,3,3,1,7, , , ,5, , ,6,3,2,1,1, , , , 
9, , ,297,10/1/2022 14:24:36, ,7,2, , ,3,2,4,3,6, , , ,4, , ,4,2,2,3,2, , , , 
9, , ,517,10/1/2022 14:25:19, ,9,2, , ,4,4,4,3,10, , , ,7, , ,9,4,3,3,4, , , , 
9, , ,330,10/1/2022 14:27:41, ,9,1, , ,3,5,4,2,8, , , ,8, , ,10,5,4,4,4, , , , 
9, , ,539,10/1/2022 14:27:51, ,7,2, , ,2,4,4,2,10, , , ,10, , ,10,4,4,2,4, , , , 
9, , ,363,10/1/2022 14:32:14, ,6,1, , ,4,5,5,5,10, , , ,10, , ,10,5,5,5,5, , , , 
9, , ,406,10/1/2022 14:37:06, ,12,1, , ,5,4,4,5,10, , , ,6, , ,8,4,4,3,3, , , , 
9, , ,219,10/1/2022 14:37:48, ,11,1, , ,4,4,2,5,10, , , ,10, , ,10,5,5,4,5, , , , 
9, , ,596,10/1/2022 14:37:51, ,8,2, , ,1,5,5,5,10, , , ,6, , ,8,4,4,5,5, , , , 
9, , ,199,10/1/2022 14:38:26, ,10,1, , ,4,4,4,5,9, , , ,10, , ,8,4,5,4,4, , , , 
9, , ,277,10/1/2022 14:41:48, ,10,1, , ,2,4,2,3,8, , , ,7, , ,9,4,3,2,3, , , , 
9, , ,370,10/1/2022 14:44:19, ,8,2, , ,4,5,2,1,9, , , ,6, , ,5,3,4,2,2, , , , 
9, , ,371,10/1/2022 14:45:09, ,8,2, , ,2,4,3,1,7, , , ,5, , ,7,2,3,3,3, , , , 
9, , ,277,10/1/2022 14:47:28, ,10,2, , ,3,5,4,3,10, , , ,9, , ,10,5,5,4,5, , , , 
9, , ,344,10/1/2022 14:47:34, ,6,1, , ,2,4,4,2,5, , , ,8, , ,3,4,5,2,5, , , , 
9, , ,413,10/1/2022 14:51:38, ,8,2, , ,3,4,5,5,10, , , ,7, , ,6,4,3,2,4, , , , 
9, , ,283,10/1/2022 14:52:26, ,11,2, , ,4,5,4,5,9, , , ,8, , ,10,4,5,3,5, , , , 
9, , ,473,10/1/2022 14:53:08, ,7,1, , ,1,3,4,5,9, , , ,8, , ,8,4,4,2,2, , , , 
9, , ,385,10/1/2022 14:54:26, ,8,1, , ,5,5,5,5,9, , , ,7, , ,10,5,5,1,5, , , , 
9, , ,217,10/1/2022 14:58:55, ,14,1, , ,5,5,4,3,9, , , ,7, , ,8,4,3,3,3, , , , 
9, , ,267,10/1/2022 14:58:58, ,11,1, , ,3,3,3,4,6, , , ,4, , ,4,4,2,1,3, , , , 
9, , ,579,10/1/2022 15:01:24, ,9,2, , ,2,4,4,1,7, , , ,5, , ,9,4,3,2,4, , , , 
9, , ,1469,10/1/2022 15:02:36, ,10,2, , ,2,4,4,3,7, , , ,5, , ,7,2,4,3,4, , , , 
9, , ,862,10/1/2022 15:08:00, ,9,1, , ,2,4,4,3,8, , , ,8, , ,10,4,5,4,5, , , , 
9, , ,367,10/1/2022 15:09:02, ,10,1, , ,4,4,4,4,10, , , ,10, , ,10,5,5,5,4, , , , 
9, , ,297,10/1/2022 15:10:55, ,4,1, , ,4,4,4,4,6, , , ,7, , ,9,4,4,4,4, , , , 
9, , ,560,10/1/2022 15:11:55, ,6,2, , ,2,5,4,4,9, , , ,3, , ,7,4,4,2,4, , , , 
9, , ,444,10/1/2022 15:19:48, ,6,2, , ,2,4,4,2,10, , , ,6, , ,10,4,4,2,4, , , , 
9, , ,693,10/1/2022 15:23:31, ,8,2, , ,1,4,4,2,6, , , ,7, , ,10,5,5,3,5, , , , 
9, , ,337,10/1/2022 15:27:35, ,7,1, , ,3,4,5,3,9, , , ,4, , ,8,4,5,3,3, , , , 
9, , ,281,10/1/2022 15:28:18, ,10,2, , ,3,4,4,3,7, , , ,10, , ,9,4,3,3,4, , , , 
9, , ,457,10/1/2022 15:29:15, ,6,2, , ,3,5,5,5,10, , , ,10, , ,10,5,5,5,5, , , , 
9, , ,411,10/1/2022 15:34:20, ,5,2, , ,5,5,5,5,9, , , ,6, , ,10,5,5,3,5, , , , 
9, , ,402,10/1/2022 15:45:14, ,6,1, , ,5,5,5,5,10, , , ,10, , ,10,5,5,5,5, , , , 
9, , ,1184,10/1/2022 15:48:38, , ,2, , ,4,4,4,5,9, , , ,9, , ,9,5,4,4,3, , , , 
9, , ,320,10/1/2022 15:49:06, ,11,2, , ,5,4,5,5,7, , , ,7, , ,9,4,4,4,4, , , , 
9, , ,237,10/1/2022 15:50:05, ,13,1, , ,5,4,5,4,7, , , ,7, , ,7,3,4,2,3, , , , 
9, , ,831,10/1/2022 15:59:30, ,10,2, , ,4,5,4,5,10, , , ,6, , ,10,5,4,4,4, , , , 
9, , ,318,10/1/2022 15:59:33, ,11,2, , ,5,4,4,4,7, , , ,6, , ,7,4,3,4,3, , , , 
9, , ,512,10/1/2022 16:01:28, ,7,2, , ,4,5,5,5,10, , , ,10, , ,10,5,5,5,5, , , , 
9, , ,533,10/1/2022 16:03:39, ,7,2, , ,4,4,4,2,8, , , ,6, , ,7,3,4,4,5, , , , 
9, , ,251,10/1/2022 16:04:11, ,10,2, , ,1,4,4,5,10, , , ,6, , ,9,4,3,4,4, , , , 
9, , ,317,10/1/2022 16:06:39, ,9,1, , ,5,4,5,1,7, , , ,6, , ,10,4,4,4,5, , , , 
9, , ,205,10/3/2022 11:10:01, ,9,2, , ,4,3,4,2,7, , , ,7, , ,7,4,2,4,3, , , , 
10, , , , , ,11,2, ,2103,5,5,5,5,10,9,9,10,8,8,9,10,4,5,4,4, , , , 
10, , , , , ,9,1, ,2015,3,4,5,3,9,9,8,9,8,8,7,9,4,2,3,5, , , , 
10, , , , , ,11,2, ,2103,4,5,3,5,10,10,10,10,8,9,6,10,4,5,5,5, , , , 
10, , , , , ,10,1, ,2103,3,4,4,1,10,6,7,9,10,9,6,9,3,4,5,5, , , , 
10, , , , , ,11,2, ,2103,4,4,5,5,10,9,9,10,9,8,9,10,4,4,4,4, , , , 
10, , , , , ,11,1, ,2103,4,4.5,4,4,10,9,9,10,10,10,9,9,3.5,4,3,5, , , , 
10, , , , , ,10,2, ,2015,4,2,3,5,8,9,8,9,8,10,8,10,3,2,3,2, , , , 
10, , , , , ,10,2, ,2101,4,4,3,4,5,8,6,8,8,6,4,9,4,3,2,3, , , , 
10, , , , , ,10,2, ,2102,5,5,5,3,10,10,10,10,10,10,10,10,5,5,5,5, , , , 
10, , , , , ,9,1, ,2181,4,4,3,2,10,10,10,10,5,6,7,10,2,3,4,5, , , , 
10, , , , , ,10,1, ,8918,3,4,4,5,7,6,6,7,7,8,7,9,2,3,1,5, , , , 
10, , , , , ,10,2, ,8485,5,5,5,5,10,10,10,10,9,10,10,10,5,5,2,5, , , , 
10, , , , , ,9,1, ,8485,4,5,5,4,9,8,9,10,9,10,10,10,5,5,4,5, , , , 
10, , , , , ,10,1, ,8637,3,4,3,3,8,8,6,10,6,6,7,10,4,3,3,5, , , , 
10, , , , , ,7,1, ,8941,3,4,4,5,8,7,7,8,7,7,6,9,4,3,5,4, , , , 
10, , , , , ,8,1, ,8925,3,5,5,5,10,10,10,10,10,10,10,10,5,5,5,5, , , , 
10, , , , , ,11,2, ,2377,5,4,3,3,6,5,7,7,6,6,6,8,4,4,4,3, , , , 
10, , , , , ,7,2, ,2371,3,3,2,4,10,2,6,10,1,10,10,5,3,1,1,2, , , , 
10, , , , , ,6,2, ,2334,5,4,5,5,10,10,10,10,10,2,2,10,5,5,5,5, , , , 
10, , , , , ,8,2, ,2371,3,3,4,5,7,7,7,7,7,7,7,7,4,4,4,4, , , , 
10, , , , , ,10,2, ,2375,3,4,3,5,10,10,10,10,10,10,1,10,3,4.5,4,5, , , , 
10, , , , , ,8,2, ,2371,3,4,4,1,7,8,9,10,6,7,7,8,4,5,4,4, , , , 
10, , , , , ,9,1, ,2315,4,5,4,5,10,10,10,10,9,9,9,10,5,5,5,5, , , , 
10, , , , , ,11,2, ,2408,4,3,5,2,10,9,10,9,6,10,10,10,4,3,4,5, , , , 
10, , , , , ,8,1, ,2341,3,4,5,3,7,3,8,6,5,3,5,6,1,3,1,3, , , , 
10, , , , , ,13,2, ,2343,5,4,3,2,8,8,7,9,6,6,7,8,4,3,3,4, , , , 
10, , , , , ,11,2, ,2343,4,5,5,5,9,10,10,10,9,9,10,10,5,3,4,5, , , , 
10, , , , , ,8,1, ,1033,5,5,5,4,8,10,10,10,10,10,10,10,5,5,5,4, , , , 
10, , , , , ,10,2, ,2343,4,4,5,5,8,8,8,9,8,9,5,9,4,5,2,4, , , , 
10, , , , , ,11,1, ,2343,5,5,5,1,6,6,7,8,6,6,4,8,2,3,3,3, , , , 
10, , , , , ,9,1, ,2974,5,5,3,1,8,8,9,10,6,7,9,10,3,5,3,5, , , , 
10, , , , , ,9,2, ,8448,3,5,3,5,10,9,8,10,10,7,8,10,5,4,3,5, , , , 
10, , , , , ,10,2, ,8448,4,4,4,5,9,9,10,10,10,9,6,10,4,4,3,4, , , , 
10, , , , , ,9,1, ,3826,4,5,5,5,9,8,6,10,9,9,10,10,4,4,5,5, , , , 
10, , , , , ,11,1, ,7973,5,4,4,1,9,9,9,8,8,9,9,10,4,3,3,5, , , , 
10, , , , , ,10,2, ,3826,4,4,4,5,9,8,9,10,9,10,8,9,1,1,3,5, , , , 
10, , , , , ,8,1, ,1217,5,5,5,5,10,9,7,9,6,8,6,10,4,4,4,5, , , , 
10, , , , , ,10,2, ,8023,4,5,5,5,10,9,10,10,10,10,10,10,4,4,3,5, , , , 
10, , , , , ,12,1, ,3829,5,1,3,1,5,3,4,8,3,3,3,3,2,1,1,1, , , , 
10, , , , , ,13,1, ,8023,5,1,1,2,5,3,3,8,4,4,10,4,1,1,1,3, , , , 
10, , , , , ,13,1, ,8448,4,5,4,2,8,9,7,10,10,8,7,10,4,4,4,4, , , , 
10, , , , , ,10,2, ,8917,3,5,4,3,9,9,7,10,8,8,7,10,4,3,3,4, , , , 
10, , , , , ,9,1, ,8448,3,4,4,2,9,9,6,7,8,7,8,10,4,3,3,4, , , , 
10, , , , , ,11,1, ,7971,4,4,3,4,7,9,8,8,8,6,5,9,4,4,3,4, , , , 
10, , , , , ,15,2, ,8023,5,5,4,5,7,6,7,8,6,8,9,9,2,3,4,4, , , , 
10, , , , , ,12,1, ,2967,4,1,1,4,1,1,1,1,10,10,7,5,4,4,5,3, , , , 
10, , , , , ,9,1, ,1506,5,5,5,5,10,10,10,10,10,10,10,10,5,5,5,5, , , , 
10, , , , , ,8,2, ,9753,4,5,3,5,10,5,8,7,4,5,8,9,3,4,5,5, , , , 
10, , , , , ,11,1, ,9753,4,5,5,5,9,10,10,10,10,10,9,10,4,4,4,5, , , , 
10, , , , , ,10,2, ,9751,5,4,5,3,9,10,10,8,10,10,10,10,1,5,1,5, , , , 
10, , , , , ,8,2, ,9753,2,3,4,4,8,7,6,8,6,10,9,7,3,3,4,5, , , , 
10, , , , , ,10,1, ,9753,4,3,3,2,9,9,8,8,6,8,8,9,3,2,2,5, , , , 
11, , ,2798, ,NL,9,1, , ,4,4,4,3, , , , ,8, , ,7,5,5,4,3, , , , 
11, , ,7450, ,NL,10,2, , ,5,4,5,3, , , , ,7, , ,10,4,4,3,5, , , , 
11, , ,10329, ,NL,7,1, , ,3,4,5,3, , , , ,7, , ,8,4,3,4,3, , , , 
11, , ,1446, ,NL,11,1, , ,3,5,4,1, , , , ,7, , ,8,4,4,4,3, , , , 
11, , ,710, ,NL,10,2, , ,4,5,3,2, , , , ,9, , ,9,4,4,3,4, , , , 
11, , ,4003, ,NL,8,2, , ,2,5,4,5, , , , ,10, , ,10,5,4,5,5, , , , 
11, , ,2144, ,NL,7,2, , ,2,4,4,2, , , , ,8, , ,9,5,3,3,4, , , , 
11, , ,325, ,NL,9,2, , ,3,4,2,3, , , , ,5, , ,8,4,3,4,3, , , , 
